word,ratio,cantidadLetras,gotAccent,gotCedilla,doubleVocalWithin,doubleVocalBorder,enCCWithin,enCCBorder,y
ull,0.3333,3,0,0,0,0,0,0,1
dia,0.6667,3,0,0,0,0,0,0,1
let,0.3333,3,0,0,0,0,0,0,0
slave,0.4,5,0,0,0,0,0,0,0
century,0.2857,7,0,0,0,0,0,0,0
add,0.3333,3,0,0,0,0,0,1,0
fight,0.2,5,0,0,0,0,0,0,0
clear,0.4,5,0,0,0,0,0,0,0
calenta,0.4286,7,0,0,0,0,0,0,1
excite,0.5,6,0,0,0,0,0,0,0
mitjà,0.2,5,1,0,0,0,0,0,1
pa,0.5,2,0,0,0,0,0,1,1
hand,0.25,4,0,0,0,0,0,0,0
corrent,0.2857,7,0,0,0,0,0,0,1
fact,0.25,4,0,0,0,0,0,0,0
mercat,0.3333,6,0,0,0,0,0,0,1
nombre,0.3333,6,0,0,0,0,0,0,1
acte,0.5,4,0,0,0,0,0,0,1
property,0.25,8,0,0,0,0,0,0,0
send,0.25,4,0,0,0,0,0,0,0
pay,0.3333,3,0,0,0,0,0,0,0
invent,0.3333,6,0,0,0,0,0,0,0
been,0.5,4,0,0,1,0,0,0,0
syllable,0.25,8,0,0,0,0,0,0,0
clean,0.4,5,0,0,0,0,0,0,0
propagació,0.4,10,1,0,0,0,0,0,1
double,0.5,6,0,0,0,0,0,0,0
face,0.5,4,0,0,0,0,0,0,0
track,0.2,5,0,0,0,0,0,0,0
agut,0.5,4,0,0,0,0,0,0,1
passar,0.3333,6,0,0,0,0,0,0,1
nose,0.5,4,0,0,0,0,0,0,0
part,0.25,4,0,0,0,0,0,0,0
gris,0.25,4,0,0,0,0,0,0,1
people,0.5,6,0,0,0,0,0,0,0
table,0.4,5,0,0,0,0,0,0,0
same,0.5,4,0,0,0,0,0,0,0
lie,0.6667,3,0,0,0,0,0,0,0
junts,0.2,5,0,0,0,0,0,0,1
pare,0.5,4,0,0,0,0,0,0,1
current,0.2857,7,0,0,0,0,0,0,0
now,0.3333,3,0,0,0,0,0,0,0
toward,0.3333,6,0,0,0,0,0,0,0
definitiva,0.5,10,0,0,0,0,0,0,1
que,0.6667,3,0,0,0,0,0,0,1
lenta,0.4,5,0,0,0,0,0,0,1
cremar,0.3333,6,0,0,0,0,0,0,1
word,0.25,4,0,0,0,0,0,0,0
dit,0.3333,3,0,0,0,0,0,0,1
animal,0.5,6,0,0,0,0,0,0,0
until,0.4,5,0,0,0,0,0,0,0
preguntar,0.3333,9,0,0,0,0,0,0,1
seva,0.5,4,0,0,0,0,0,0,1
swim,0.25,4,0,0,0,0,0,1,0
for,0.3333,3,0,0,0,0,0,0,0
small,0.2,5,0,0,0,0,0,1,0
area,0.75,4,0,0,0,0,0,0,0
rei,0.6667,3,0,0,0,0,0,0,1
només,0.2,5,1,0,0,0,0,0,1
creure,0.5,6,0,0,0,0,0,0,1
no,0.5,2,0,0,0,0,0,1,0
llac,0.25,4,0,0,0,0,0,0,1
mother,0.3333,6,0,0,0,0,1,0,0
sense,0.4,5,0,0,0,0,0,0,0
else,0.5,4,0,0,0,0,0,0,0
number,0.3333,6,0,0,0,0,0,0,0
variar,0.5,6,0,0,0,0,0,0,1
deal,0.5,4,0,0,0,0,0,0,0
família,0.4286,7,1,0,0,0,0,0,1
mountain,0.5,8,0,0,0,0,0,0,0
pensar,0.3333,6,0,0,0,0,0,0,1
nivell,0.3333,6,0,0,0,0,0,0,1
wear,0.5,4,0,0,0,0,0,0,0
include,0.4286,7,0,0,0,0,0,0,0
cry,0.0,3,0,0,0,0,0,0,0
produeix,0.5,8,0,0,0,0,0,0,1
held,0.25,4,0,0,0,0,0,0,1
empènyer,0.25,8,1,0,0,0,0,0,1
famous,0.5,6,0,0,0,0,0,0,0
in,0.5,2,0,0,0,0,0,1,0
brown,0.2,5,0,0,0,0,0,0,0
ella,0.5,4,0,0,0,0,0,0,1
sun,0.3333,3,0,0,0,0,0,0,0
dear,0.5,4,0,0,0,0,0,0,0
foot,0.5,4,0,0,1,0,0,0,0
basic,0.4,5,0,0,0,0,0,0,0
lone,0.5,4,0,0,0,0,0,0,0
ferro,0.4,5,0,0,0,0,0,0,1
dance,0.4,5,0,0,0,0,0,0,0
ell,0.3333,3,0,0,0,0,0,0,1
ala,0.6667,3,0,0,0,0,0,0,1
regla,0.4,5,0,0,0,0,0,0,1
quart,0.4,5,0,0,0,0,0,0,1
whole,0.4,5,0,0,0,0,0,0,0
seient,0.5,6,0,0,0,0,0,0,1
plata,0.4,5,0,0,0,0,0,0,1
glass,0.2,5,0,0,0,0,0,0,0
solution,0.5,8,0,0,0,0,0,0,0
thousand,0.375,8,0,0,0,0,0,1,0
poor,0.5,4,0,0,1,0,0,0,0
paper,0.4,5,0,0,0,0,0,0,0
contra,0.3333,6,0,0,0,0,0,0,1
could,0.4,5,0,0,0,0,0,0,0
significarà,0.3636,11,1,0,0,0,0,0,1
estudiant,0.4444,9,0,0,0,0,0,0,1
well,0.25,4,0,0,0,0,0,0,0
matar,0.4,5,0,0,0,0,0,0,1
pound,0.4,5,0,0,0,0,0,0,0
it,0.5,2,0,0,0,0,0,1,0
tingut,0.3333,6,0,0,0,0,0,0,1
when,0.25,4,0,0,0,0,0,0,0
case,0.5,4,0,0,0,0,0,0,0
divide,0.5,6,0,0,0,0,0,0,0
igual,0.6,5,0,0,0,0,0,0,1
bat,0.3333,3,0,0,0,0,0,0,1
cosa,0.5,4,0,0,0,0,0,0,1
enter,0.4,5,0,0,0,0,0,0,0
curta,0.4,5,0,0,0,0,0,0,1
nothing,0.2857,7,0,0,0,0,1,0,0
oil,0.6667,3,0,0,0,0,0,0,0
hi,0.5,2,0,0,0,0,0,1,1
cut,0.3333,3,0,0,0,0,0,0,0
caça,0.5,4,0,1,0,0,0,0,1
gran,0.25,4,0,0,0,0,0,0,1
necessitarà,0.3636,11,1,0,0,0,0,0,1
wish,0.25,4,0,0,0,0,0,1,0
vi,0.5,2,0,0,0,0,0,1,1
separate,0.5,8,0,0,0,0,0,0,0
espatlla,0.375,8,0,0,0,0,0,0,1
speed,0.4,5,0,0,1,0,0,0,0
real,0.5,4,0,0,0,0,0,0,0
lliura,0.5,6,0,0,0,0,0,0,1
poblar,0.3333,6,0,0,0,0,0,0,1
good,0.5,4,0,0,1,0,0,0,0
edge,0.5,4,0,0,0,0,0,0,0
resultat,0.375,8,0,0,0,0,0,0,1
hole,0.5,4,0,0,0,0,0,0,0
campana,0.4286,7,0,0,0,0,0,0,1
coberta,0.4286,7,0,0,0,0,0,0,1
saber,0.4,5,0,0,0,0,0,0,1
example,0.4286,7,0,0,0,0,0,0,0
nosaltres,0.3333,9,0,0,0,0,0,0,1
vora,0.5,4,0,0,0,0,0,0,1
ready,0.4,5,0,0,0,0,0,0,0
sentit,0.3333,6,0,0,0,0,0,0,1
chick,0.2,5,0,0,0,0,0,1,1
had,0.3333,3,0,0,0,0,0,0,0
free,0.5,4,0,0,0,1,0,0,0
bé,0.0,2,1,0,0,0,0,1,1
suau,0.75,4,0,0,0,0,0,0,1
raó,0.3333,3,1,0,0,0,0,0,1
rentat,0.3333,6,0,0,0,0,0,0,1
incloure,0.5,8,0,0,0,0,0,0,1
on,0.5,2,0,0,0,0,0,1,1
fish,0.25,4,0,0,0,0,0,1,0
done,0.5,4,0,0,0,0,0,0,1
such,0.25,4,0,0,0,0,0,1,0
plec,0.25,4,0,0,0,0,0,0,1
rotllo,0.3333,6,0,0,0,0,0,0,1
sat,0.3333,3,0,0,0,0,0,0,0
2:00,0.0,4,0,0,0,0,0,0,1
press,0.2,5,0,0,0,0,0,0,0
grow,0.25,4,0,0,0,0,0,0,0
note,0.5,4,0,0,0,0,0,0,0
molt,0.25,4,0,0,0,0,0,0,1
head,0.5,4,0,0,0,0,0,0,0
senyoreta,0.4444,9,0,0,0,0,0,0,1
work,0.25,4,0,0,0,0,0,0,0
rica,0.5,4,0,0,0,0,0,0,1
moviment,0.375,8,0,0,0,0,0,0,1
nit,0.3333,3,0,0,0,0,0,0,1
center,0.3333,6,0,0,0,0,0,0,0
viatge,0.5,6,0,0,0,0,0,0,1
a,1.0,1,0,0,0,1,0,1,1
interest,0.375,8,0,0,0,0,0,0,0
remember,0.375,8,0,0,0,0,0,0,0
comptar,0.2857,7,0,0,0,0,0,0,1
space,0.4,5,0,0,0,0,0,0,0
full,0.25,4,0,0,0,0,0,0,0
act,0.3333,3,0,0,0,0,0,0,0
surface,0.4286,7,0,0,0,0,0,0,0
they,0.25,4,0,0,0,0,0,1,0
barret,0.3333,6,0,0,0,0,0,0,1
week,0.5,4,0,0,1,0,0,0,0
mentida,0.4286,7,0,0,0,0,0,0,1
paret,0.4,5,0,0,0,0,0,0,1
conjunt,0.2857,7,0,0,0,0,0,0,1
bretxa,0.3333,6,0,0,0,0,0,0,1
body,0.25,4,0,0,0,0,0,0,0
desert,0.3333,6,0,0,0,0,0,0,0
sobre,0.4,5,0,0,0,0,0,0,1
multiply,0.25,8,0,0,0,0,0,0,0
costa,0.4,5,0,0,0,0,0,0,1
moviment,0.375,8,0,0,0,0,0,0,1
continent,0.3333,9,0,0,0,0,0,0,1
he,0.5,2,0,0,0,0,0,1,0
right,0.2,5,0,0,0,0,0,0,0
train,0.4,5,0,0,0,0,0,0,0
última,0.3333,6,1,0,0,0,0,0,1
together,0.375,8,0,0,0,0,1,0,0
des,0.3333,3,0,0,0,0,0,0,1
to,0.5,2,0,0,0,0,0,1,0
pobres,0.3333,6,0,0,0,0,0,0,1
all,0.3333,3,0,0,0,0,0,0,0
us,0.5,2,0,0,0,0,0,1,0
canvi,0.4,5,0,0,0,0,0,0,1
make,0.5,4,0,0,0,0,0,0,0
sure,0.5,4,0,0,0,0,0,0,0
força,0.4,5,0,1,0,0,0,0,1
born,0.25,4,0,0,0,0,0,0,1
field,0.4,5,0,0,0,0,0,0,0
soroll,0.3333,6,0,0,0,0,0,0,1
region,0.5,6,0,0,0,0,0,0,0
comprar,0.2857,7,0,0,0,0,0,0,1
numeral,0.4286,7,0,0,0,0,0,0,0
enviat,0.5,6,0,0,0,0,0,0,1
vaixell,0.4286,7,0,0,0,0,0,0,1
comparar,0.375,8,0,0,0,0,0,0,1
pla,0.3333,3,0,0,0,0,0,0,1
cold,0.25,4,0,0,0,0,0,0,0
portar,0.3333,6,0,0,0,0,0,0,1
habitual,0.5,8,0,0,0,0,0,0,1
pell,0.25,4,0,0,0,0,0,0,1
endevinar,0.4444,9,0,0,0,0,0,0,1
home,0.5,4,0,0,0,0,0,0,0
mina,0.5,4,0,0,0,0,0,0,1
able,0.5,4,0,0,0,0,0,0,0
cançó,0.2,5,1,1,0,0,0,0,1
establir,0.375,8,0,0,0,0,0,0,1
punt,0.25,4,0,0,0,0,0,0,1
print,0.2,5,0,0,0,0,0,0,1
naturals,0.375,8,0,0,0,0,0,0,1
endavant,0.375,8,0,0,0,0,0,0,1
posició,0.4286,7,1,0,0,0,0,0,1
exercise,0.5,8,0,0,0,0,0,0,0
capaç,0.4,5,0,1,0,0,0,0,1
vall,0.25,4,0,0,0,0,0,0,1
fig,0.3333,3,0,0,0,0,0,0,0
brillantor,0.3,10,0,0,0,0,0,0,1
instrument,0.3,10,0,0,0,0,0,0,0
complet,0.2857,7,0,0,0,0,0,0,1
prop,0.25,4,0,0,0,0,0,0,1
past,0.25,4,0,0,0,0,0,0,0
potser,0.3333,6,0,0,0,0,0,0,1
fet,0.3333,3,0,0,0,0,0,0,1
desert,0.3333,6,0,0,0,0,0,0,1
silver,0.3333,6,0,0,0,0,0,0,0
show,0.25,4,0,0,0,0,0,1,0
port,0.25,4,0,0,0,0,0,0,0
again,0.6,5,0,0,0,0,0,0,0
clau,0.5,4,0,0,0,0,0,0,1
shoulder,0.375,8,0,0,0,0,0,1,0
afegir,0.5,6,0,0,0,0,0,0,1
this,0.25,4,0,0,0,0,0,1,0
meet,0.5,4,0,0,1,0,0,0,0
escala,0.5,6,0,0,0,0,0,0,1
que,0.6667,3,0,0,0,0,0,0,1
roll,0.25,4,0,0,0,0,0,0,0
rope,0.5,4,0,0,0,0,0,0,0
coast,0.4,5,0,0,0,0,0,0,0
shell,0.2,5,0,0,0,0,0,1,0
from,0.25,4,0,0,0,0,0,0,0
crop,0.25,4,0,0,0,0,0,0,0
party,0.2,5,0,0,0,0,0,0,0
cap,0.3333,3,0,0,0,0,0,0,1
arrive,0.5,6,0,0,0,0,0,0,0
màster,0.1667,6,1,0,0,0,0,0,1
though,0.3333,6,0,0,0,0,0,1,0
listen,0.3333,6,0,0,0,0,0,0,0
bar,0.3333,3,0,0,0,0,0,0,0
mix,0.3333,3,0,0,0,0,0,0,0
am,0.5,2,0,0,0,0,0,1,1
crear,0.4,5,0,0,0,0,0,0,1
quan,0.5,4,0,0,0,0,0,0,1
come,0.5,4,0,0,0,0,0,0,0
atom,0.5,4,0,0,0,0,0,0,0
rail,0.5,4,0,0,0,0,0,0,0
boca,0.5,4,0,0,0,0,0,0,1
herba,0.4,5,0,0,0,0,0,0,1
seva,0.5,4,0,0,0,0,0,0,1
during,0.3333,6,0,0,0,0,0,0,0
encaixar,0.5,8,0,0,0,0,0,0,1
treball,0.2857,7,0,0,0,0,0,0,1
more,0.5,4,0,0,0,0,0,0,0
grau,0.5,4,0,0,0,0,0,0,1
seem,0.5,4,0,0,1,0,0,0,0
demostrar,0.3333,9,0,0,0,0,0,0,1
way,0.3333,3,0,0,0,0,0,0,0
level,0.4,5,0,0,0,0,0,0,0
portat,0.3333,6,0,0,0,0,0,0,1
opposite,0.5,8,0,0,0,0,1,0,0
amic,0.5,4,0,0,0,0,0,0,1
principal,0.3333,9,0,0,0,0,0,0,1
tiny,0.25,4,0,0,0,0,0,0,0
intèrpret,0.2222,9,1,0,0,0,0,0,1
taula,0.6,5,0,0,0,0,0,0,1
dress,0.2,5,0,0,0,0,0,0,0
run,0.3333,3,0,0,0,0,0,0,1
símbol,0.1667,6,1,0,0,0,0,0,1
eight,0.4,5,0,0,0,0,0,0,0
song,0.25,4,0,0,0,0,0,0,0
història,0.375,8,1,0,0,0,0,0,1
ship,0.25,4,0,0,0,0,0,1,0
comprovar,0.3333,9,0,0,0,0,0,0,1
master,0.3333,6,0,0,0,0,0,0,0
stead,0.4,5,0,0,0,0,0,0,0
rub,0.3333,3,0,0,0,0,0,0,0
sky,0.0,3,0,0,0,0,0,1,0
engine,0.5,6,0,0,0,0,0,0,0
còlera,0.3333,6,1,0,0,0,0,0,1
carta,0.4,5,0,0,0,0,0,0,1
pla,0.3333,3,0,0,0,0,0,0,1
tire,0.5,4,0,0,0,0,0,0,0
equal,0.6,5,0,0,0,0,0,0,0
corn,0.25,4,0,0,0,0,0,0,0
brother,0.2857,7,0,0,0,0,1,0,0
either,0.5,6,0,0,0,0,1,0,0
són,0.0,3,1,0,0,0,0,0,1
certain,0.4286,7,0,0,0,0,0,0,0
substantiu,0.4,10,0,0,0,0,0,0,1
no,0.5,2,0,0,0,0,0,1,1
that,0.25,4,0,0,0,0,0,1,0
idea,0.75,4,0,0,0,0,0,0,0
bird,0.25,4,0,0,0,0,0,0,0
en,0.5,2,0,0,0,0,0,1,1
veualta,0.5714,7,0,0,0,0,0,0,1
volar,0.4,5,0,0,0,0,0,0,1
does,0.5,4,0,0,0,0,0,0,0
prepare,0.4286,7,0,0,0,0,0,0,0
question,0.5,8,0,0,0,0,0,0,0
eren,0.5,4,0,0,0,0,0,0,1
content,0.2857,7,0,0,0,0,0,0,1
vestit,0.3333,6,0,0,0,0,0,0,1
petit,0.4,5,0,0,0,0,0,0,1
bad,0.3333,3,0,0,0,0,0,0,0
complete,0.375,8,0,0,0,0,0,0,0
tipus,0.4,5,0,0,0,0,0,0,1
strong,0.1667,6,0,0,0,0,0,0,0
cent,0.25,4,0,0,0,0,0,0,1
last,0.25,4,0,0,0,0,0,0,0
groc,0.25,4,0,0,0,0,0,0,1
final,0.4,5,0,0,0,0,0,0,0
clar,0.25,4,0,0,0,0,0,0,1
danger,0.3333,6,0,0,0,0,0,0,0
grew,0.25,4,0,0,0,0,0,0,0
materials,0.4444,9,0,0,0,0,0,0,1
night,0.2,5,0,0,0,0,0,0,0
after,0.4,5,0,0,0,0,0,0,0
piece,0.6,5,0,0,0,0,0,0,0
fosc,0.25,4,0,0,0,0,0,0,1
persona,0.4286,7,0,0,0,0,0,0,1
segur,0.4,5,0,0,0,0,0,0,1
triangle,0.375,8,0,0,0,0,0,0,1
day,0.3333,3,0,0,0,0,0,0,0
run,0.3333,3,0,0,0,0,0,0,0
fire,0.5,4,0,0,0,0,0,0,0
famosa,0.5,6,0,0,0,0,0,0,1
main,0.5,4,0,0,0,0,0,0,0
ara,0.6667,3,0,0,0,0,0,0,1
with,0.25,4,0,0,0,0,0,1,0
watch,0.2,5,0,0,0,0,0,1,0
ou,1.0,2,0,0,0,0,0,1,1
recollir,0.375,8,0,0,0,0,0,0,1
bread,0.4,5,0,0,0,0,0,0,0
follow,0.3333,6,0,0,0,0,0,0,0
pal,0.3333,3,0,0,0,0,0,0,1
temps,0.2,5,0,0,0,0,0,0,1
indústria,0.3333,9,1,0,0,0,0,0,1
estirament,0.4,10,0,0,0,0,0,0,1
gather,0.3333,6,0,0,0,0,1,0,0
shout,0.4,5,0,0,0,0,0,1,0
tool,0.5,4,0,0,1,0,0,0,0
mar,0.3333,3,0,0,0,0,0,0,1
allow,0.4,5,0,0,0,0,0,0,0
sal,0.3333,3,0,0,0,0,0,0,1
egg,0.3333,3,0,0,0,0,0,1,0
reason,0.5,6,0,0,0,0,0,0,0
línia,0.4,5,1,0,0,0,0,0,1
look,0.5,4,0,0,1,0,0,0,0
fer,0.3333,3,0,0,0,0,0,0,1
significarà,0.3636,11,1,0,0,0,0,0,1
llista,0.3333,6,0,0,0,0,0,0,1
trencar,0.2857,7,0,0,0,0,0,0,1
contenir,0.375,8,0,0,0,0,0,0,1
premsa,0.3333,6,0,0,0,0,0,0,1
suficient,0.4444,9,0,0,0,0,0,0,1
phrase,0.3333,6,0,0,0,0,0,0,0
red,0.3333,3,0,0,0,0,0,0,0
passar,0.3333,6,0,0,0,0,0,0,1
lluita,0.5,6,0,0,0,0,0,0,1
saber,0.4,5,0,0,0,0,0,0,1
energy,0.3333,6,0,0,0,0,0,0,0
select,0.3333,6,0,0,0,0,0,0,0
pàgina,0.3333,6,1,0,0,0,0,0,1
differ,0.3333,6,0,0,0,0,1,0,0
dur,0.3333,3,0,0,0,0,0,0,1
hit,0.3333,3,0,0,0,0,0,0,0
men,0.3333,3,0,0,0,0,0,0,0
over,0.5,4,0,0,0,0,0,0,0
caure,0.6,5,0,0,0,0,0,0,1
construir,0.3333,9,0,0,0,0,0,0,1
ràdio,0.4,5,1,0,0,0,0,0,1
producte,0.375,8,0,0,0,0,0,0,1
value,0.6,5,0,0,0,0,0,0,0
discutir,0.375,8,0,0,0,0,0,0,1
resposta,0.375,8,0,0,0,0,0,0,1
test,0.25,4,0,0,0,0,0,0,0
science,0.4286,7,0,0,0,0,0,0,0
art,0.3333,3,0,0,0,0,0,0,1
subject,0.2857,7,0,0,0,0,0,0,0
anell,0.4,5,0,0,0,0,0,0,1
branch,0.1667,6,0,0,0,0,0,1,0
nine,0.5,4,0,0,0,0,0,0,0
trip,0.25,4,0,0,0,0,0,0,0
pla,0.3333,3,0,0,0,0,0,0,1
evening,0.4286,7,0,0,0,0,0,0,0
young,0.4,5,0,0,0,0,0,0,0
governar,0.375,8,0,0,0,0,0,0,1
step,0.25,4,0,0,0,0,0,0,0
reuneixen,0.5556,9,0,0,0,0,0,0,1
té,0.0,2,1,0,0,0,0,1,1
d’,0.0,2,0,0,0,0,0,1,1
apple,0.4,5,0,0,0,0,1,0,0
brown,0.2,5,0,0,0,0,0,0,1
rule,0.5,4,0,0,0,0,0,0,0
vendre,0.3333,6,0,0,0,0,0,0,1
soft,0.25,4,0,0,0,0,0,0,0
time,0.5,4,0,0,0,0,0,0,0
valor,0.4,5,0,0,0,0,0,0,1
tub,0.3333,3,0,0,0,0,0,0,1
prendre,0.2857,7,0,0,0,0,0,0,1
silenci,0.4286,7,0,0,0,0,0,0,1
pose,0.5,4,0,0,0,0,0,0,0
ells,0.25,4,0,0,0,0,0,0,1
feliç,0.4,5,0,1,0,0,0,0,1
flor,0.25,4,0,0,0,0,0,0,1
minute,0.5,6,0,0,0,0,0,0,0
spot,0.25,4,0,0,0,0,0,0,0
second,0.3333,6,0,0,0,0,0,0,0
fresc,0.2,5,0,0,0,0,0,0,1
keep,0.5,4,0,0,1,0,0,0,0
greix,0.4,5,0,0,0,0,0,0,1
bed,0.3333,3,0,0,0,0,0,0,0
mass,0.25,4,0,0,0,0,0,0,0
sat,0.3333,3,0,0,0,0,0,0,1
saw,0.3333,3,0,0,0,0,0,0,0
half,0.25,4,0,0,0,0,0,0,0
supply,0.1667,6,0,0,0,0,1,0,0
rise,0.5,4,0,0,0,0,0,0,0
general,0.4286,7,0,0,0,0,0,0,0
steam,0.4,5,0,0,0,0,0,0,0
bona,0.5,4,0,0,0,0,0,0,1
empat,0.4,5,0,0,0,0,0,0,1
fa,0.5,2,0,0,0,0,0,1,1
hill,0.25,4,0,0,0,0,0,0,0
oportunitat,0.4545,11,0,0,0,0,0,0,1
lay,0.3333,3,0,0,0,0,0,0,0
terra,0.4,5,0,0,0,0,0,0,1
count,0.4,5,0,0,0,0,0,0,0
destacat,0.375,8,0,0,0,0,0,0,1
pitch,0.2,5,0,0,0,0,0,1,0
single,0.3333,6,0,0,0,0,0,0,0
each,0.5,4,0,0,0,0,0,1,0
war,0.3333,3,0,0,0,0,0,0,0
mà,0.0,2,1,0,0,0,0,1,1
forest,0.3333,6,0,0,0,0,0,0,0
leg,0.3333,3,0,0,0,0,0,0,0
braç,0.25,4,0,1,0,0,0,0,1
country,0.2857,7,0,0,0,0,0,0,0
edat,0.5,4,0,0,0,0,0,0,1
tail,0.5,4,0,0,0,0,0,0,0
tipus,0.4,5,0,0,0,0,0,0,1
shape,0.4,5,0,0,0,0,0,1,0
filferro,0.375,8,0,0,0,0,0,0,1
please,0.5,6,0,0,0,0,0,0,0
little,0.3333,6,0,0,0,0,1,0,0
proporcionar,0.4167,12,0,0,0,0,0,0,1
chord,0.2,5,0,0,0,0,0,1,0
venir,0.4,5,0,0,0,0,0,0,1
than,0.25,4,0,0,0,0,0,1,0
resoldre,0.375,8,0,0,0,0,0,0,1
migdia,0.5,6,0,0,0,0,0,0,1
big,0.3333,3,0,0,0,0,0,0,0
sentit,0.3333,6,0,0,0,0,0,0,1
tenir,0.4,5,0,0,0,0,0,0,1
special,0.4286,7,0,0,0,0,0,0,0
thing,0.2,5,0,0,0,0,0,1,0
terra,0.4,5,0,0,0,0,0,0,1
ho,0.5,2,0,0,0,0,0,1,1
start,0.2,5,0,0,0,0,0,0,0
començar,0.375,8,0,1,0,0,0,0,1
pèl,0.0,3,1,0,0,0,0,0,1
idea,0.75,4,0,0,0,0,0,0,1
exacta,0.5,6,0,0,0,0,0,0,1
out,0.6667,3,0,0,0,0,0,0,0
peixos,0.5,6,0,0,0,0,0,0,1
puntuació,0.4444,9,1,0,0,0,0,0,1
experiència,0.4545,11,1,0,0,0,0,0,1
top,0.3333,3,0,0,0,0,0,0,0
trobar,0.3333,6,0,0,0,0,0,0,1
law,0.3333,3,0,0,0,0,0,0,0
column,0.3333,6,0,0,0,0,0,0,0
fair,0.5,4,0,0,0,0,0,0,0
ús,0.0,2,1,0,0,0,0,1,1
distant,0.2857,7,0,0,0,0,0,0,0
mort,0.25,4,0,0,0,0,0,0,1
by,0.0,2,0,0,0,0,0,1,0
capturat,0.375,8,0,0,0,0,0,0,1
suffix,0.3333,6,0,0,0,0,1,0,0
des,0.3333,3,0,0,0,0,0,0,1
parell,0.3333,6,0,0,0,0,0,0,1
multiplicar,0.3636,11,0,0,0,0,0,0,1
signe,0.4,5,0,0,0,0,0,0,1
creuar,0.5,6,0,0,0,0,0,0,1
ride,0.5,4,0,0,0,0,0,0,0
tree,0.5,4,0,0,0,1,0,0,0
dòlar,0.2,5,1,0,0,0,0,0,1
patró,0.2,5,1,0,0,0,0,0,1
arma,0.5,4,0,0,0,0,0,0,1
mentre,0.3333,6,0,0,0,0,0,0,1
ask,0.3333,3,0,0,0,0,0,1,0
per,0.3333,3,0,0,0,0,0,0,1
esquena,0.5714,7,0,0,0,0,1,0,1
homes,0.4,5,0,0,0,0,0,0,1
salt,0.25,4,0,0,0,0,0,0,0
viatges,0.4286,7,0,0,0,0,0,0,1
habilitat,0.4444,9,0,0,0,0,0,0,1
sistema,0.4286,7,0,0,0,0,0,0,1
tren,0.25,4,0,0,0,0,0,0,1
company,0.2857,7,0,0,0,0,0,0,0
costat,0.3333,6,0,0,0,0,0,0,1
riure,0.6,5,0,0,0,0,0,0,1
mida,0.5,4,0,0,0,0,0,0,1
mes,0.3333,3,0,0,0,0,0,0,1
lot,0.3333,3,0,0,0,0,0,0,0
beauty,0.5,6,0,0,0,0,0,0,0
state,0.4,5,0,0,0,0,0,0,0
thought,0.2857,7,0,0,0,0,0,1,0
truck,0.2,5,0,0,0,0,0,0,0
em,0.5,2,0,0,0,0,0,1,1
base,0.5,4,0,0,0,0,0,0,0
weather,0.4286,7,0,0,0,0,1,0,0
board,0.4,5,0,0,0,0,0,0,0
too,0.6667,3,0,0,0,1,0,0,0
mark,0.25,4,0,0,0,0,0,0,0
system,0.1667,6,0,0,0,0,0,0,0
adequada,0.625,8,0,0,0,0,0,0,1
doble,0.4,5,0,0,0,0,0,0,1
pare,0.5,4,0,0,0,0,0,0,1
banda,0.4,5,0,0,0,0,0,0,1
love,0.5,4,0,0,0,0,0,0,0
indicar,0.4286,7,0,0,0,0,0,0,1
left,0.25,4,0,0,0,0,0,0,0
durant,0.3333,6,0,0,0,0,0,0,1
aviat,0.6,5,0,0,0,0,0,0,1
viure,0.6,5,0,0,0,0,0,0,1
jugar,0.4,5,0,0,0,0,0,0,1
llavors,0.2857,7,0,0,0,0,0,0,1
pedra,0.4,5,0,0,0,0,0,0,1
muntatge,0.375,8,0,0,0,0,0,0,1
imant,0.4,5,0,0,0,0,0,0,1
planeta,0.4286,7,0,0,0,0,0,0,1
string,0.1667,6,0,0,0,0,0,0,0
view,0.5,4,0,0,0,0,0,0,0
electric,0.375,8,0,0,0,0,0,0,0
molts,0.2,5,0,0,0,0,0,0,1
pas,0.3333,3,0,0,0,0,0,0,1
point,0.4,5,0,0,0,0,0,0,0
side,0.5,4,0,0,0,0,0,0,0
consonant,0.3333,9,0,0,0,0,0,0,1
sand,0.25,4,0,0,0,0,0,0,0
parlar,0.3333,6,0,0,0,0,0,0,1
solitari,0.5,8,0,0,0,0,0,0,1
create,0.5,6,0,0,0,0,0,0,0
camp,0.25,4,0,0,0,0,0,0,0
depend,0.3333,6,0,0,0,0,0,0,0
win,0.3333,3,0,0,0,0,0,0,0
condició,0.375,8,1,0,0,0,0,0,1
nen,0.3333,3,0,0,0,0,0,0,1
crowd,0.2,5,0,0,0,0,0,0,0
power,0.4,5,0,0,0,0,0,0,0
caught,0.3333,6,0,0,0,0,0,0,0
grass,0.2,5,0,0,0,0,0,0,0
aire,0.75,4,0,0,0,0,0,0,1
huge,0.5,4,0,0,0,0,0,0,0
several,0.4286,7,0,0,0,0,0,0,0
bone,0.5,4,0,0,0,0,0,0,0
meant,0.4,5,0,0,0,0,0,0,0
fracció,0.2857,7,1,0,0,0,0,0,1
esperar,0.4286,7,0,0,0,0,0,0,1
efecte,0.5,6,0,0,0,0,0,0,1
farà,0.25,4,1,0,0,0,0,0,1
feed,0.5,4,0,0,1,0,0,0,0
cent,0.25,4,0,0,0,0,0,0,0
corda,0.4,5,0,0,0,0,0,0,1
sentence,0.375,8,0,0,0,0,0,0,0
vestir,0.3333,6,0,0,0,0,0,0,1
sound,0.4,5,0,0,0,0,0,0,0
numeral,0.4286,7,0,0,0,0,0,0,1
por,0.3333,3,0,0,0,0,0,0,1
what,0.25,4,0,0,0,0,0,0,0
donar,0.4,5,0,0,0,0,0,0,1
inch,0.25,4,0,0,0,0,0,1,0
charge,0.3333,6,0,0,0,0,0,1,0
before,0.5,6,0,0,0,0,0,0,0
soil,0.5,4,0,0,0,0,0,0,0
wing,0.25,4,0,0,0,0,0,0,0
beat,0.5,4,0,0,0,0,0,0,0
probable,0.375,8,0,0,0,0,0,0,1
ampli,0.4,5,0,0,0,0,0,0,1
early,0.4,5,0,0,0,0,0,0,0
resta,0.4,5,0,0,0,0,0,0,1
recollir,0.375,8,0,0,0,0,0,0,1
chart,0.2,5,0,0,0,0,0,1,0
profunda,0.375,8,0,0,0,0,0,0,1
govern,0.3333,6,0,0,0,0,0,0,0
energia,0.5714,7,0,0,0,0,0,0,1
forma,0.4,5,0,0,0,0,0,0,1
carrera,0.4286,7,0,0,0,0,0,0,1
ocean,0.6,5,0,0,0,0,0,0,0
moment,0.3333,6,0,0,0,0,0,0,0
try,0.0,3,0,0,0,0,0,0,0
original,0.5,8,0,0,0,0,0,0,0
en,0.5,2,0,0,0,0,0,1,1
village,0.4286,7,0,0,0,0,0,0,0
acord,0.4,5,0,0,0,0,0,0,1
esquerra,0.5,8,0,0,0,0,1,0,1
coat,0.5,4,0,0,0,0,0,0,0
section,0.4286,7,0,0,0,0,0,0,0
dry,0.0,3,0,0,0,0,0,0,0
portar,0.3333,6,0,0,0,0,0,0,1
end,0.3333,3,0,0,0,0,0,0,0
ran,0.3333,3,0,0,0,0,0,0,0
era,0.6667,3,0,0,0,0,0,0,1
gold,0.25,4,0,0,0,0,0,0,0
sòl,0.0,3,1,0,0,0,0,0,1
match,0.2,5,0,0,0,0,0,1,0
bit,0.3333,3,0,0,0,0,0,0,0
morts,0.2,5,0,0,0,0,0,0,1
restar,0.3333,6,0,0,0,0,0,0,1
correct,0.2857,7,0,0,0,0,0,0,0
disseny,0.2857,7,0,0,0,0,0,0,1
diccionari,0.5,10,0,0,0,0,0,0,1
air,0.6667,3,0,0,0,0,0,0,0
brillant,0.25,8,0,0,0,0,0,0,1
excitar,0.4286,7,0,0,0,0,0,0,1
branca,0.3333,6,0,0,0,0,0,0,1
change,0.3333,6,0,0,0,0,0,1,0
but,0.3333,3,0,0,0,0,0,0,0
throw,0.2,5,0,0,0,0,0,1,0
own,0.3333,3,0,0,0,0,0,0,0
ara,0.6667,3,0,0,0,0,0,0,1
seca,0.5,4,0,0,0,0,0,0,1
dog,0.3333,3,0,0,0,0,0,0,0
doctor,0.3333,6,0,0,0,0,0,0,0
blanc,0.2,5,0,0,0,0,0,0,1
negre,0.4,5,0,0,0,0,0,0,1
suggerir,0.375,8,0,0,0,0,1,0,1
si,0.5,2,0,0,0,0,0,1,1
pluja,0.4,5,0,0,0,0,0,0,1
any,0.3333,3,0,0,0,0,0,0,0
five,0.5,4,0,0,0,0,0,0,0
lloc,0.25,4,0,0,0,0,0,0,1
ciutat,0.5,6,0,0,0,0,0,0,1
nació,0.4,5,1,0,0,0,0,0,1
fet,0.3333,3,0,0,0,0,0,0,1
process,0.2857,7,0,0,0,0,0,0,0
llum,0.25,4,0,0,0,0,0,0,1
enough,0.5,6,0,0,0,0,0,0,0
botiga,0.5,6,0,0,0,0,0,0,1
estimada,0.5,8,0,0,0,0,0,0,1
ensenyar,0.375,8,0,0,0,0,0,0,1
exemple,0.4286,7,0,0,0,0,0,0,1
temporada,0.4444,9,0,0,0,0,0,0,1
meat,0.5,4,0,0,0,0,0,0,0
diversos,0.375,8,0,0,0,0,0,0,1
veí,0.3333,3,1,0,0,0,0,0,1
wire,0.5,4,0,0,0,0,0,0,0
travel,0.3333,6,0,0,0,0,0,0,0
so,0.5,2,0,0,0,0,0,1,0
one,0.6667,3,0,0,0,0,0,0,0
tot,0.3333,3,0,0,0,0,0,0,1
consider,0.375,8,0,0,0,0,0,0,0
trobat,0.3333,6,0,0,0,0,0,0,1
west,0.25,4,0,0,0,0,0,0,0
fraction,0.375,8,0,0,0,0,0,0,0
teach,0.4,5,0,0,0,0,0,1,0
then,0.25,4,0,0,0,0,0,1,0
oficina,0.5714,7,0,0,0,0,0,0,1
oli,0.6667,3,0,0,0,0,0,0,1
fluir,0.4,5,0,0,0,0,0,0,1
ferrocarril,0.3636,11,0,0,0,0,0,0,1
tube,0.5,4,0,0,0,0,0,0,0
need,0.5,4,0,0,1,0,0,0,0
aconseguir,0.5,10,0,0,0,0,0,0,1
book,0.5,4,0,0,1,0,0,0,0
full,0.25,4,0,0,0,0,0,0,1
estimar,0.4286,7,0,0,0,0,0,0,1
cavall,0.3333,6,0,0,0,0,0,0,1
que,0.6667,3,0,0,0,0,0,0,1
engeneral,0.4444,9,0,0,0,0,0,0,1
amb,0.3333,3,0,0,0,0,0,0,1
uncop,0.4,5,0,0,0,0,0,0,1
targeta,0.4286,7,0,0,0,0,0,0,1
thank,0.2,5,0,0,0,0,0,1,0
yes,0.3333,3,0,0,0,0,0,0,0
fast,0.25,4,0,0,0,0,0,0,0
are,0.6667,3,0,0,0,0,0,0,0
similars,0.375,8,0,0,0,0,0,0,1
regió,0.4,5,1,0,0,0,0,0,1
is,0.5,2,0,0,0,0,0,1,0
eina,0.75,4,0,0,0,0,0,0,1
map,0.3333,3,0,0,0,0,0,0,0
king,0.25,4,0,0,0,0,0,0,0
crit,0.25,4,0,0,0,0,0,0,1
ànec,0.25,4,1,0,0,0,0,0,1
hear,0.5,4,0,0,0,0,0,0,0
aprendre,0.375,8,0,0,0,0,0,0,1
oxygen,0.3333,6,0,0,0,0,0,0,0
fly,0.0,3,0,0,0,0,0,0,0
sight,0.2,5,0,0,0,0,0,0,0
sing,0.25,4,0,0,0,0,0,0,0
fi,0.5,2,0,0,0,0,0,1,1
off,0.3333,3,0,0,0,0,0,1,1
botiga,0.5,6,0,0,0,0,0,0,1
room,0.5,4,0,0,1,0,0,0,0
haurà,0.4,5,1,0,0,0,0,0,1
anomenada,0.5556,9,0,0,0,0,0,0,1
imaginar,0.5,8,0,0,0,0,0,0,1
visita,0.5,6,0,0,0,0,0,0,1
ball,0.25,4,0,0,0,0,0,0,0
also,0.5,4,0,0,0,0,0,0,0
problema,0.375,8,0,0,0,0,0,0,1
element,0.4286,7,0,0,0,0,0,0,1
scale,0.4,5,0,0,0,0,0,0,0
blue,0.5,4,0,0,0,0,0,0,0
happy,0.2,5,0,0,0,0,1,0,0
món,0.0,3,1,0,0,0,0,0,1
will,0.25,4,0,0,0,0,0,0,0
proper,0.3333,6,0,0,0,0,0,0,0
però,0.25,4,1,0,0,0,0,0,1
window,0.3333,6,0,0,0,0,0,0,0
porta,0.4,5,0,0,0,0,0,0,1
lady,0.25,4,0,0,0,0,0,0,0
suportar,0.375,8,0,0,0,0,0,0,1
represent,0.3333,9,0,0,0,0,0,0,0
comú,0.25,4,1,0,0,0,0,0,1
mar,0.3333,3,0,0,0,0,0,0,1
cross,0.2,5,0,0,0,0,0,0,0
how,0.3333,3,0,0,0,0,0,0,0
cel,0.3333,3,0,0,0,0,0,0,1
machine,0.4286,7,0,0,0,0,1,0,0
darrere,0.4286,7,0,0,0,0,0,0,1
get,0.3333,3,0,0,0,0,0,0,0
divisió,0.4286,7,1,0,0,0,0,0,1
líquid,0.3333,6,1,0,0,0,0,0,1
bear,0.5,4,0,0,0,0,0,0,0
slip,0.25,4,0,0,0,0,0,0,0
size,0.5,4,0,0,0,0,0,0,0
estat,0.4,5,0,0,0,0,0,0,1
hot,0.3333,3,0,0,0,0,0,0,0
mouth,0.4,5,0,0,0,0,0,1,0
comprat,0.2857,7,0,0,0,0,0,0,1
drink,0.2,5,0,0,0,0,0,0,0
play,0.25,4,0,0,0,0,0,0,0
spring,0.1667,6,0,0,0,0,0,1,0
mitjà,0.2,5,1,0,0,0,0,0,1
gave,0.5,4,0,0,0,0,0,0,0
serra,0.4,5,0,0,0,0,0,0,1
prova,0.4,5,0,0,0,0,0,0,1
caminar,0.4286,7,0,0,0,0,0,0,1
behind,0.3333,6,0,0,0,0,0,0,0
nas,0.3333,3,0,0,0,0,0,0,1
organ,0.4,5,0,0,0,0,0,0,0
farm,0.25,4,0,0,0,0,0,0,0
sentit,0.3333,6,0,0,0,0,0,0,1
vint,0.25,4,0,0,0,0,0,0,1
moderna,0.4286,7,0,0,0,0,0,0,1
broad,0.4,5,0,0,0,0,0,0,0
take,0.5,4,0,0,0,0,0,0,0
foc,0.3333,3,0,0,0,0,0,0,1
cap,0.3333,3,0,0,0,0,0,0,1
difficult,0.3333,9,0,0,0,0,1,0,0
spend,0.2,5,0,0,0,0,0,0,0
dark,0.25,4,0,0,0,0,0,0,0
ment,0.25,4,0,0,0,0,0,0,1
colònia,0.4286,7,1,0,0,0,0,0,1
consonant,0.3333,9,0,0,0,0,0,0,0
often,0.4,5,0,0,0,0,0,0,0
above,0.6,5,0,0,0,0,0,0,0
conduir,0.4286,7,0,0,0,0,0,0,1
job,0.3333,3,0,0,0,0,0,0,0
sorpresa,0.375,8,0,0,0,0,0,0,1
share,0.4,5,0,0,0,0,0,1,0
enemic,0.5,6,0,0,0,0,0,0,1
ha,0.5,2,0,0,0,0,0,1,1
ear,0.6667,3,0,0,0,0,0,0,0
skill,0.2,5,0,0,0,0,0,1,0
granja,0.3333,6,0,0,0,0,0,0,1
poder,0.4,5,0,0,0,0,0,0,1
fear,0.5,4,0,0,0,0,0,0,0
earth,0.4,5,0,0,0,0,0,1,0
money,0.4,5,0,0,0,0,0,0,0
born,0.25,4,0,0,0,0,0,0,0
wall,0.25,4,0,0,0,0,0,0,0
seven,0.4,5,0,0,0,0,0,0,0
matter,0.3333,6,0,0,0,0,1,0,0
heard,0.4,5,0,0,0,0,0,0,0
sharp,0.2,5,0,0,0,0,0,1,0
roca,0.5,4,0,0,0,0,0,0,1
pregunto,0.375,8,0,0,0,0,0,0,1
campament,0.3333,9,0,0,0,0,0,0,1
sobtada,0.4286,7,0,0,0,0,0,0,1
wonder,0.3333,6,0,0,0,0,0,0,0
her,0.3333,3,0,0,0,0,0,0,0
garden,0.3333,6,0,0,0,0,0,0,0
perdut,0.3333,6,0,0,0,0,0,0,1
winter,0.3333,6,0,0,0,0,0,0,0
simple,0.3333,6,0,0,0,0,0,0,0
new,0.3333,3,0,0,0,0,0,0,0
those,0.4,5,0,0,0,0,0,1,0
tercer,0.3333,6,0,0,0,0,0,0,1
suport,0.3333,6,0,0,0,0,0,0,1
term,0.25,4,0,0,0,0,0,0,0
road,0.5,4,0,0,0,0,0,0,0
estiu,0.6,5,0,0,0,0,0,0,1
part,0.25,4,0,0,0,0,0,0,1
carry,0.2,5,0,0,0,0,0,0,0
island,0.3333,6,0,0,0,0,0,0,0
neu,0.6667,3,0,0,0,0,0,0,1
plau,0.5,4,0,0,0,0,0,0,1
riu,0.6667,3,0,0,0,0,0,0,1
care,0.5,4,0,0,0,0,0,0,0
solució,0.4286,7,1,0,0,0,0,0,1
market,0.3333,6,0,0,0,0,0,0,0
dad,0.3333,3,0,0,0,0,0,0,0
written,0.2857,7,0,0,0,0,1,0,0
repeat,0.5,6,0,0,0,0,0,0,0
superior,0.5,8,0,0,0,0,0,0,1
measure,0.5714,7,0,0,0,0,0,0,0
cama,0.5,4,0,0,0,0,0,0,1
que,0.6667,3,0,0,0,0,0,0,1
moment,0.3333,6,0,0,0,0,0,0,1
who,0.3333,3,0,0,0,0,0,0,0
omplir,0.3333,6,0,0,0,0,0,0,1
twenty,0.1667,6,0,0,0,0,0,1,0
begin,0.4,5,0,0,0,0,0,0,0
game,0.5,4,0,0,0,0,0,0,0
bastant,0.2857,7,0,0,0,0,0,0,1
enviar,0.5,6,0,0,0,0,0,0,1
escoltar,0.375,8,0,0,0,0,0,0,1
substància,0.3,10,1,0,0,0,0,0,1
com,0.3333,3,0,0,0,0,0,0,1
equate,0.6667,6,0,0,0,0,0,0,0
sota,0.5,4,0,0,0,0,0,0,1
insectes,0.375,8,0,0,0,0,0,0,1
door,0.5,4,0,0,1,0,0,0,0
mile,0.5,4,0,0,0,0,0,0,0
animals,0.4286,7,0,0,0,0,0,0,1
decimal,0.4286,7,0,0,0,0,0,0,0
corner,0.3333,6,0,0,0,0,0,0,0
vaca,0.5,4,0,0,0,0,0,0,1
unit,0.5,4,0,0,0,0,0,0,0
recta,0.4,5,0,0,0,0,0,0,1
sucre,0.4,5,0,0,0,0,0,0,1
desenvolupar,0.4167,12,0,0,0,0,0,0,1
paràgraf,0.25,8,1,0,0,0,0,0,1
discuss,0.2857,7,0,0,0,0,0,0,0
seat,0.5,4,0,0,0,0,0,0,0
ago,0.6667,3,0,0,0,0,0,0,0
representar,0.3636,11,0,0,0,0,0,0,1
possible,0.375,8,0,0,0,0,0,0,1
great,0.4,5,0,0,0,0,0,0,0
segle,0.4,5,0,0,0,0,0,0,1
dona,0.5,4,0,0,0,0,0,0,1
blatdemoro,0.4,10,0,0,0,0,0,0,1
metal,0.4,5,0,0,0,0,0,0,0
tarda,0.4,5,0,0,0,0,0,0,1
sign,0.25,4,0,0,0,0,0,0,0
prendre,0.2857,7,0,0,0,0,0,0,1
dictionary,0.4,10,0,0,0,0,0,0,0
among,0.4,5,0,0,0,0,0,0,0
fresc,0.2,5,0,0,0,0,0,0,1
snow,0.25,4,0,0,0,0,0,0,0
directa,0.4286,7,0,0,0,0,0,0,1
season,0.5,6,0,0,0,0,0,0,0
felt,0.25,4,0,0,0,0,0,0,0
caràcter,0.25,8,1,0,0,0,0,0,1
gray,0.25,4,0,0,0,0,0,0,0
hold,0.25,4,0,0,0,0,0,0,0
arrel,0.4,5,0,0,0,0,0,0,1
poema,0.6,5,0,0,0,0,0,0,1
child,0.2,5,0,0,0,0,0,1,0
history,0.2857,7,0,0,0,0,0,0,0
persones,0.375,8,0,0,0,0,0,0,1
pesada,0.5,6,0,0,0,0,0,0,1
propietat,0.4444,9,0,0,0,0,0,0,1
we,0.5,2,0,0,0,0,0,1,0
causa,0.6,5,0,0,0,0,0,0,1
wild,0.25,4,0,0,0,0,0,0,0
discurs,0.2857,7,0,0,0,0,0,0,1
occur,0.4,5,0,0,0,0,0,0,0
camí,0.25,4,1,0,0,0,0,0,1
inferior,0.5,8,0,0,0,0,0,0,1
there,0.4,5,0,0,0,0,0,1,0
wave,0.5,4,0,0,0,0,0,0,0
my,0.0,2,0,0,0,0,0,1,0
break,0.4,5,0,0,0,0,0,0,0
ni,0.5,2,0,0,0,0,0,1,1
ha,0.5,2,0,0,0,0,0,1,1
marca,0.4,5,0,0,0,0,0,0,1
death,0.4,5,0,0,0,0,0,1,0
abans,0.4,5,0,0,0,0,0,0,1
drop,0.25,4,0,0,0,0,0,0,0
read,0.5,4,0,0,0,0,0,0,0
symbol,0.1667,6,0,0,0,0,0,0,0
particular,0.4,10,0,0,0,0,0,0,1
reunir,0.5,6,0,0,0,0,0,0,1
leave,0.6,5,0,0,0,0,0,0,0
probable,0.375,8,0,0,0,0,0,0,0
observe,0.4286,7,0,0,0,0,0,0,0
encara,0.5,6,0,0,0,0,0,0,1
nation,0.5,6,0,0,0,0,0,0,0
story,0.2,5,0,0,0,0,0,0,0
die,0.6667,3,0,0,0,0,0,0,0
solve,0.4,5,0,0,0,0,0,0,0
sentit,0.3333,6,0,0,0,0,0,0,1
altres,0.3333,6,0,0,0,0,0,0,1
segon,0.4,5,0,0,0,0,0,0,1
instant,0.2857,7,0,0,0,0,0,0,0
cop,0.3333,3,0,0,0,0,0,0,1
record,0.3333,6,0,0,0,0,0,0,0
give,0.5,4,0,0,0,0,0,0,0
shop,0.25,4,0,0,0,0,0,1,0
ocupat,0.5,6,0,0,0,0,0,0,1
protegir,0.375,8,0,0,0,0,0,0,1
respondre,0.3333,9,0,0,0,0,0,0,1
anar,0.5,4,0,0,0,0,0,0,1
podria,0.5,6,0,0,0,0,0,0,1
ocupat,0.5,6,0,0,0,0,0,0,1
print,0.2,5,0,0,0,0,0,0,0
nor,0.3333,3,0,0,0,0,0,0,0
oposada,0.5714,7,0,0,0,0,0,0,1
locate,0.5,6,0,0,0,0,0,0,0
hour,0.5,4,0,0,0,0,0,0,0
hard,0.25,4,0,0,0,0,0,0,0
fred,0.25,4,0,0,0,0,0,0,1
desgast,0.2857,7,0,0,0,0,0,0,1
learn,0.4,5,0,0,0,0,0,0,0
dibuixar,0.5,8,0,0,0,0,0,0,1
estrella,0.375,8,0,0,0,0,0,0,1
gran,0.25,4,0,0,0,0,0,0,1
tals,0.25,4,0,0,0,0,0,0,1
buscar,0.3333,6,0,0,0,0,0,0,1
whether,0.2857,7,0,0,0,0,1,0,0
operar,0.5,6,0,0,0,0,0,0,1
nord,0.25,4,0,0,0,0,0,0,1
made,0.5,4,0,0,0,0,0,0,0
choose,0.5,6,0,0,1,0,0,1,0
gràcies,0.2857,7,1,0,0,0,0,0,1
distant,0.2857,7,0,0,0,0,0,0,1
true,0.5,4,0,0,0,0,0,0,0
weight,0.3333,6,0,0,0,0,0,0,0
alleujar,0.5,8,0,0,0,0,0,0,1
acord,0.4,5,0,0,0,0,0,0,1
glad,0.25,4,0,0,0,0,0,0,0
success,0.2857,7,0,0,0,0,0,0,0
moon,0.5,4,0,0,1,0,0,0,0
cerca,0.4,5,0,0,0,0,0,0,1
bola,0.5,4,0,0,0,0,0,0,1
raise,0.6,5,0,0,0,0,0,0,0
check,0.2,5,0,0,0,0,0,1,0
find,0.25,4,0,0,0,0,0,0,0
common,0.3333,6,0,0,0,0,0,0,0
edat,0.5,4,0,0,0,0,0,0,1
verb,0.25,4,0,0,0,0,0,0,1
molecule,0.5,8,0,0,0,0,0,0,0
res,0.3333,3,0,0,0,0,0,0,1
wash,0.25,4,0,0,0,0,0,1,0
llest,0.2,5,0,0,0,0,0,0,1
joy,0.3333,3,0,0,0,0,0,0,0
order,0.4,5,0,0,0,0,0,0,0
would,0.4,5,0,0,0,0,0,0,0
or,0.5,2,0,0,0,0,0,1,0
might,0.2,5,0,0,0,0,0,0,0
plain,0.4,5,0,0,0,0,0,0,0
morning,0.2857,7,0,0,0,0,0,0,0
mean,0.5,4,0,0,0,0,0,0,0
motion,0.5,6,0,0,0,0,0,0,0
vapor,0.4,5,0,0,0,0,0,0,1
paint,0.4,5,0,0,0,0,0,0,0
sufix,0.4,5,0,0,0,0,0,0,1
box,0.3333,3,0,0,0,0,0,0,0
entre,0.4,5,0,0,0,0,0,0,1
duck,0.25,4,0,0,0,0,0,0,0
equip,0.6,5,0,0,0,0,0,0,1
block,0.2,5,0,0,0,0,0,0,0
picture,0.4286,7,0,0,0,0,0,0,0
row,0.3333,3,0,0,0,0,0,0,0
quocient,0.5,8,0,0,0,0,0,0,1
thick,0.2,5,0,0,0,0,0,1,0
dit,0.3333,3,0,0,0,0,0,0,1
person,0.3333,6,0,0,0,0,0,0,0
bosc,0.25,4,0,0,0,0,0,0,1
laugh,0.4,5,0,0,0,0,0,0,0
summer,0.3333,6,0,0,0,0,0,0,0
boat,0.5,4,0,0,0,0,0,0,0
notice,0.5,6,0,0,0,0,0,0,0
oest,0.5,4,0,0,0,0,0,0,1
nens,0.25,4,0,0,0,0,0,0,1
aquest,0.5,6,0,0,0,0,0,0,1
two,0.3333,3,0,0,0,0,0,1,0
answer,0.3333,6,0,0,0,0,1,0,0
cas,0.3333,3,0,0,0,0,0,0,1
list,0.25,4,0,0,0,0,0,0,0
dir,0.3333,3,0,0,0,0,0,0,1
diners,0.3333,6,0,0,0,0,0,0,1
agree,0.6,5,0,0,0,1,0,0,0
observar,0.375,8,0,0,0,0,0,0,1
figure,0.5,6,0,0,0,0,0,0,0
slow,0.25,4,0,0,0,0,0,0,0
she,0.3333,3,0,0,0,0,0,1,0
subministrament,0.3333,15,0,0,0,0,0,0,1
pis,0.3333,3,0,0,0,0,0,0,1
fun,0.3333,3,0,0,0,0,0,0,0
plane,0.4,5,0,0,0,0,0,0,0
kept,0.25,4,0,0,0,0,0,0,0
espai,0.6,5,0,0,0,0,0,0,1
fell,0.25,4,0,0,0,0,0,0,0
joc,0.3333,3,0,0,0,0,0,0,1
forat,0.4,5,0,0,0,0,0,0,1
baby,0.25,4,0,0,0,0,0,0,0
have,0.5,4,0,0,0,0,0,0,0
onada,0.6,5,0,0,0,0,0,0,1
shine,0.4,5,0,0,0,0,0,1,0
soldat,0.3333,6,0,0,0,0,0,0,1
know,0.25,4,0,0,0,0,0,0,0
near,0.5,4,0,0,0,0,0,0,0
cell,0.25,4,0,0,0,0,0,0,0
ràpid,0.2,5,1,0,0,0,0,0,1
cara,0.5,4,0,0,0,0,0,0,1
procés,0.1667,6,1,0,0,0,0,0,1
vary,0.25,4,0,0,0,0,0,0,0
friend,0.3333,6,0,0,0,0,0,0,0
veu,0.6667,3,0,0,0,0,0,0,1
yet,0.3333,3,0,0,0,0,0,0,0
màquina,0.4286,7,1,0,0,0,0,0,1
period,0.5,6,0,0,0,0,0,0,0
també,0.2,5,1,0,0,0,0,0,1
setmana,0.4286,7,0,0,0,0,0,0,1
continuació,0.4545,11,1,0,0,0,0,0,1
banc,0.25,4,0,0,0,0,0,0,1
shore,0.4,5,0,0,0,0,0,1,0
smell,0.2,5,0,0,0,0,0,1,0
third,0.2,5,0,0,0,0,0,1,0
push,0.25,4,0,0,0,0,0,1,0
ever,0.5,4,0,0,0,0,0,0,0
do,0.5,2,0,0,0,0,0,1,0
veure,0.6,5,0,0,0,0,0,0,1
class,0.2,5,0,0,0,0,0,0,0
llibre,0.3333,6,0,0,0,0,0,0,1
neighbor,0.375,8,0,0,0,0,0,0,0
race,0.5,4,0,0,0,0,0,0,0
parent,0.3333,6,0,0,0,0,0,0,0
ring,0.25,4,0,0,0,0,0,0,0
cotton,0.3333,6,0,0,0,0,1,0,0
just,0.25,4,0,0,0,0,0,0,1
nit,0.3333,3,0,0,0,0,0,0,1
mai,0.6667,3,0,0,0,0,0,0,1
ciència,0.4286,7,1,0,0,0,0,0,1
hundred,0.2857,7,0,0,0,0,0,0,0
voler,0.4,5,0,0,0,0,0,0,1
escriure,0.5,8,0,0,0,0,1,0,1
halar,0.4,5,0,0,0,0,0,0,1
you,0.6667,3,0,0,0,0,0,0,0
sòl,0.0,3,1,0,0,0,0,0,1
cost,0.25,4,0,0,0,0,0,0,0
originals,0.4444,9,0,0,0,0,0,0,1
man,0.3333,3,0,0,0,0,0,0,0
connectar,0.3333,9,0,0,0,0,0,0,1
certa,0.4,5,0,0,0,0,0,0,1
excepte,0.4286,7,0,0,0,0,0,0,1
major,0.4,5,0,0,0,0,0,0,0
zona,0.5,4,0,0,0,0,0,0,1
especial,0.5,8,0,0,0,0,0,0,1
held,0.25,4,0,0,0,0,0,0,0
suau,0.75,4,0,0,0,0,0,0,1
hat,0.3333,3,0,0,0,0,0,0,0
columna,0.4286,7,0,0,0,0,0,0,1
ground,0.3333,6,0,0,0,0,0,0,0
arribar,0.4286,7,0,0,0,0,0,0,1
character,0.3333,9,0,0,0,0,0,1,0
late,0.5,4,0,0,0,0,0,0,0
plural,0.3333,6,0,0,0,0,0,0,1
meu,0.6667,3,0,0,0,0,0,0,1
ràpid,0.2,5,1,0,0,0,0,0,1
prop,0.25,4,0,0,0,0,0,0,1
provide,0.4286,7,0,0,0,0,0,0,0
root,0.5,4,0,0,1,0,0,0,0
told,0.25,4,0,0,0,0,0,0,0
demà,0.25,4,1,0,0,0,0,0,1
cert,0.25,4,0,0,0,0,0,0,1
elèctrica,0.3333,9,1,0,0,0,0,0,1
heavy,0.4,5,0,0,0,0,0,0,0
esdeveniment,0.4167,12,0,0,0,0,0,0,1
don’t,0.2,5,0,0,0,0,0,0,0
speak,0.4,5,0,0,0,0,0,0,0
créixer,0.2857,7,1,0,0,0,0,0,1
tranquil,0.375,8,0,0,0,0,0,0,1
àmplia,0.3333,6,1,0,0,0,0,0,1
loud,0.5,4,0,0,0,0,0,0,0
mare,0.5,4,0,0,0,0,0,0,1
pati,0.5,4,0,0,0,0,0,0,1
llit,0.25,4,0,0,0,0,0,0,1
collect,0.2857,7,0,0,0,0,0,0,0
six,0.3333,3,0,0,0,0,0,0,0
search,0.3333,6,0,0,0,0,0,1,0
north,0.2,5,0,0,0,0,0,1,0
barrejar,0.375,8,0,0,0,0,0,0,1
go,0.5,2,0,0,0,0,0,1,0
decidir,0.4286,7,0,0,0,0,0,0,1
després,0.1429,7,1,0,0,0,1,0,1
broke,0.4,5,0,0,0,0,0,0,0
eat,0.6667,3,0,0,0,0,0,0,0
afraid,0.5,6,0,0,0,0,0,0,0
arrange,0.4286,7,0,0,0,0,0,0,0
quart,0.4,5,0,0,0,0,0,0,0
més,0.0,3,1,0,0,0,0,0,1
imagine,0.5714,7,0,0,0,0,0,0,0
enemy,0.4,5,0,0,0,0,0,0,0
finish,0.3333,6,0,0,0,0,0,1,0
vostè,0.2,5,1,0,0,0,0,0,1
passat,0.3333,6,0,0,0,0,0,0,1
cura,0.5,4,0,0,0,0,0,0,1
segment,0.2857,7,0,0,0,0,0,0,0
three,0.4,5,0,0,0,1,0,1,0
put,0.3333,3,0,0,0,0,0,0,0
colony,0.3333,6,0,0,0,0,0,0,0
key,0.3333,3,0,0,0,0,0,0,0
arribar,0.4286,7,0,0,0,0,0,0,1
plant,0.2,5,0,0,0,0,0,0,0
nadó,0.25,4,1,0,0,0,0,0,1
organitzar,0.4,10,0,0,0,0,0,0,1
determinar,0.4,10,0,0,0,0,0,0,1
espere,0.5,6,0,0,0,0,0,0,1
afavorir,0.5,8,0,0,0,0,0,0,1
blau,0.5,4,0,0,0,0,0,0,1
quick,0.4,5,0,0,0,0,0,0,0
experiment,0.4,10,0,0,0,0,0,0,1
foto,0.5,4,0,0,0,0,0,0,1
estat,0.4,5,0,0,0,0,0,0,1
liquid,0.5,6,0,0,0,0,0,0,0
as,0.5,2,0,0,0,0,0,1,0
frase,0.4,5,0,0,0,0,0,0,1
començar,0.375,8,0,1,0,0,0,0,1
pitch,0.2,5,0,0,0,0,0,1,1
següent,0.2857,7,0,0,0,0,0,0,1
voice,0.6,5,0,0,0,0,0,0,0
treball,0.2857,7,0,0,0,0,0,0,1
dollar,0.3333,6,0,0,0,0,0,0,0
alta,0.5,4,0,0,0,0,0,0,1
found,0.4,5,0,0,0,0,0,0,0
carrer,0.3333,6,0,0,0,0,0,0,1
riba,0.5,4,0,0,0,0,0,0,1
través,0.1667,6,1,0,0,0,0,0,1
calenta,0.4286,7,0,0,0,0,0,0,1
tocar,0.4,5,0,0,0,0,0,0,1
once,0.5,4,0,0,0,0,0,0,0
posar,0.4,5,0,0,0,0,0,0,1
abric,0.4,5,0,0,0,0,0,0,1
sit,0.3333,3,0,0,0,0,0,0,0
spread,0.3333,6,0,0,0,0,0,1,0
altura,0.5,6,0,0,0,0,0,0,1
gas,0.3333,3,0,0,0,0,0,0,0
dead,0.5,4,0,0,0,0,0,0,0
muntanya,0.375,8,0,0,0,0,0,0,1
com,0.3333,3,0,0,0,0,0,0,1
podia,0.6,5,0,0,0,0,0,0,1
jardí,0.2,5,1,0,0,0,0,0,1
ascensor,0.375,8,0,0,0,0,0,0,1
build,0.4,5,0,0,0,0,0,0,0
baix,0.5,4,0,0,0,0,0,0,1
germà,0.2,5,1,0,0,0,0,0,1
velocitat,0.4444,9,0,0,0,0,0,0,1
white,0.4,5,0,0,0,0,0,0,0
estrany,0.2857,7,0,0,0,0,0,0,1
horse,0.4,5,0,0,0,0,0,0,0
sent,0.25,4,0,0,0,0,0,0,0
èxit,0.25,4,1,0,0,0,0,0,1
compare,0.4286,7,0,0,0,0,0,0,0
best,0.25,4,0,0,0,0,0,0,0
down,0.25,4,0,0,0,0,0,0,0
pes,0.3333,3,0,0,0,0,0,0,1
age,0.6667,3,0,0,0,0,0,0,0
some,0.5,4,0,0,0,0,0,0,0
happen,0.3333,6,0,0,0,0,1,0,0
never,0.4,5,0,0,0,0,0,0,0
aquí,0.5,4,1,0,0,0,0,0,1
write,0.4,5,0,0,0,0,0,0,0
sabia,0.6,5,0,0,0,0,0,0,1
anat,0.5,4,0,0,0,0,0,0,1
smile,0.4,5,0,0,0,0,0,1,0
continue,0.5,8,0,0,0,0,0,0,0
curs,0.25,4,0,0,0,0,0,0,1
espectacle,0.4,10,0,0,0,0,0,0,1
forma,0.4,5,0,0,0,0,0,0,1
here,0.5,4,0,0,0,0,0,0,0
vela,0.5,4,0,0,0,0,0,0,1
chief,0.4,5,0,0,0,0,0,1,0
present,0.2857,7,0,0,0,0,0,0,0
blood,0.4,5,0,0,1,0,0,0,0
pagar,0.4,5,0,0,0,0,0,0,1
teeth,0.4,5,0,0,1,0,0,1,0
cat,0.3333,3,0,0,0,0,0,0,0
at,0.5,2,0,0,0,0,0,1,0
river,0.4,5,0,0,0,0,0,0,0
LED,0.0,3,0,0,0,0,0,0,1
cellular,0.375,8,0,0,0,0,0,0,1
always,0.3333,6,0,0,0,0,0,0,0
steel,0.4,5,0,0,1,0,0,0,0
yellow,0.3333,6,0,0,0,0,0,0,0
especialment,0.4167,12,0,0,0,0,0,0,1
decide,0.5,6,0,0,0,0,0,0,0
vista,0.4,5,0,0,0,0,0,0,1
unitat,0.5,6,0,0,0,0,0,0,1
language,0.5,8,0,0,0,0,0,0,0
continuar,0.4444,9,0,0,0,0,0,0,1
began,0.4,5,0,0,0,0,0,0,0
post,0.25,4,0,0,0,0,0,0,0
experiment,0.4,10,0,0,0,0,0,0,0
quotient,0.5,8,0,0,0,0,0,0,0
dolent,0.3333,6,0,0,0,0,0,0,1
woman,0.4,5,0,0,0,0,0,0,0
quadre,0.5,6,0,0,0,0,0,0,1
save,0.5,4,0,0,0,0,0,0,0
sigui,0.6,5,0,0,0,0,0,0,1
necessary,0.3333,9,0,0,0,0,0,0,0
completa,0.375,8,0,0,0,0,0,0,1
temperature,0.4545,11,0,0,0,0,0,0,0
copy,0.25,4,0,0,0,0,0,0,0
metge,0.4,5,0,0,0,0,0,0,1
seva,0.5,4,0,0,0,0,0,0,1
pass,0.25,4,0,0,0,0,0,0,0
nom,0.3333,3,0,0,0,0,0,0,1
tipus,0.4,5,0,0,0,0,0,0,1
no,0.5,2,0,0,0,0,0,1,1
condition,0.4444,9,0,0,0,0,0,0,0
large,0.4,5,0,0,0,0,0,0,0
usual,0.6,5,0,0,0,0,0,0,0
ascens,0.3333,6,0,0,0,0,0,0,1
partit,0.3333,6,0,0,0,0,0,0,1
unitat,0.5,6,0,0,0,0,0,0,1
station,0.4286,7,0,0,0,0,0,0,0
and,0.3333,3,0,0,0,0,0,0,0
ajudar,0.5,6,0,0,0,0,0,0,1
sol,0.3333,3,0,0,0,0,0,0,1
somiar,0.5,6,0,0,0,0,0,0,1
an,0.5,2,0,0,0,0,0,1,0
to,0.5,2,0,0,0,0,0,1,1
said,0.5,4,0,0,0,0,0,0,0
produir,0.4286,7,0,0,0,0,0,0,1
pattern,0.2857,7,0,0,0,0,1,0,0
mine,0.5,4,0,0,0,0,0,0,0
recordar,0.375,8,0,0,0,0,0,0,1
classe,0.3333,6,0,0,0,0,0,0,1
planet,0.3333,6,0,0,0,0,0,0,0
so,0.5,2,0,0,0,0,0,1,1
nou,0.6667,3,0,0,0,0,0,0,1
strange,0.2857,7,0,0,0,0,0,0,0
fall,0.25,4,0,0,0,0,0,0,0
colour,0.5,6,0,0,0,0,0,0,0
place,0.4,5,0,0,0,0,0,0,0
créixer,0.2857,7,1,0,0,0,0,0,1
safe,0.5,4,0,0,0,0,0,0,0
between,0.4286,7,0,0,1,0,1,0,0
took,0.5,4,0,0,1,0,0,0,0
million,0.4286,7,0,0,0,0,0,0,0
acabat,0.5,6,0,0,0,0,0,0,1
poc,0.3333,3,0,0,0,0,0,0,1
sola,0.5,4,0,0,0,0,0,0,1
milla,0.4,5,0,0,0,0,0,0,1
prima,0.4,5,0,0,0,0,0,0,1
them,0.25,4,0,0,0,0,0,1,0
produce,0.4286,7,0,0,0,0,0,0,0
victòria,0.375,8,1,0,0,0,0,0,1
gruix,0.4,5,0,0,0,0,0,0,1
least,0.4,5,0,0,0,0,0,0,0
quota,0.6,5,0,0,0,0,0,0,1
a,1.0,1,0,0,0,1,0,1,0
mai,0.6667,3,0,0,0,0,0,0,1
llet,0.25,4,0,0,0,0,0,0,1
si,0.5,2,0,0,0,0,0,1,1
camió,0.4,5,1,0,0,0,0,0,1
àtom,0.25,4,1,0,0,0,0,0,1
cloud,0.4,5,0,0,0,0,0,0,0
tot,0.3333,3,0,0,0,0,0,0,1
receive,0.5714,7,0,0,0,0,0,0,0
hunt,0.25,4,0,0,0,0,0,0,0
busy,0.25,4,0,0,0,0,0,0,0
paraula,0.5714,7,0,0,0,0,0,0,1
considerar,0.4,10,0,0,0,0,0,0,1
localitzar,0.4,10,0,0,0,0,0,0,1
other,0.4,5,0,0,0,0,1,0,0
longitud,0.375,8,0,0,0,0,0,0,1
període,0.4286,7,1,0,0,0,0,0,1
fusta,0.4,5,0,0,0,0,0,0,1
missatge,0.375,8,0,0,0,0,0,0,1
old,0.3333,3,0,0,0,0,0,0,0
seure,0.6,5,0,0,0,0,0,0,1
result,0.3333,6,0,0,0,0,0,0,0
llit,0.25,4,0,0,0,0,0,0,1
ell,0.3333,3,0,0,0,0,0,0,1
bloc,0.25,4,0,0,0,0,0,0,1
així,0.5,4,1,0,0,0,0,0,1
hot,0.3333,3,0,0,0,0,0,0,0
altre,0.4,5,0,0,0,0,0,0,1
vermell,0.2857,7,0,0,0,0,0,0,1
qualsevol,0.4444,9,0,0,0,0,0,0,1
team,0.5,4,0,0,0,0,0,0,0
lloc,0.25,4,0,0,0,0,0,0,1
per,0.3333,3,0,0,0,0,0,0,1
entre,0.4,5,0,0,0,0,0,0,1
iron,0.5,4,0,0,0,0,0,0,0
kill,0.25,4,0,0,0,0,0,0,0
street,0.3333,6,0,0,1,0,0,0,0
form,0.25,4,0,0,0,0,0,0,0
tant,0.25,4,0,0,0,0,0,0,1
bàsica,0.3333,6,1,0,0,0,0,0,1
bell,0.25,4,0,0,0,0,0,0,0
cotó,0.25,4,1,0,0,0,0,0,1
of,0.5,2,0,0,0,0,0,1,0
wheel,0.4,5,0,0,1,0,0,0,0
dones,0.4,5,0,0,0,0,0,0,1
entrar,0.3333,6,0,0,0,0,0,0,1
olor,0.5,4,0,0,0,0,0,0,1
separada,0.5,8,0,0,0,0,0,0,1
bellesa,0.4286,7,0,0,0,0,0,0,1
planta,0.3333,6,0,0,0,0,0,0,1
petit,0.4,5,0,0,0,0,0,0,1
straight,0.25,8,0,0,0,0,0,0,0
drive,0.4,5,0,0,0,0,0,0,0
your,0.5,4,0,0,0,0,0,0,0
milions,0.4286,7,0,0,0,0,0,0,1
subtract,0.25,8,0,0,0,0,0,0,0
nen,0.3333,3,0,0,0,0,0,0,1
cotxe,0.4,5,0,0,0,0,0,0,1
which,0.2,5,0,0,0,0,0,1,0
world,0.2,5,0,0,0,0,0,0,0
chair,0.4,5,0,0,0,0,0,1,0
bastant,0.2857,7,0,0,0,0,0,0,1
similar,0.4286,7,0,0,0,0,0,0,0
kind,0.25,4,0,0,0,0,0,0,0
rub,0.3333,3,0,0,0,0,0,0,1
music,0.4,5,0,0,0,0,0,0,0
speech,0.3333,6,0,0,1,0,0,1,0
score,0.4,5,0,0,0,0,0,0,0
camí,0.25,4,1,0,0,0,0,0,1
òrgan,0.2,5,1,0,0,0,0,0,1
port,0.25,4,0,0,0,0,0,0,1
cada,0.5,4,0,0,0,0,0,0,1
car,0.3333,3,0,0,0,0,0,0,0
deixar,0.5,6,0,0,0,0,0,0,1
determine,0.4444,9,0,0,0,0,0,0,0
ciutat,0.5,6,0,0,0,0,0,0,1
stretch,0.1429,7,0,0,0,0,0,1,0
triar,0.4,5,0,0,0,0,0,0,1
reply,0.2,5,0,0,0,0,0,0,0
naturalesa,0.5,10,0,0,0,0,0,0,1
sembla,0.3333,6,0,0,0,0,0,0,1
chance,0.3333,6,0,0,0,0,0,1,0
dit,0.3333,3,0,0,0,0,0,0,1
life,0.5,4,0,0,0,0,0,0,0
por,0.3333,3,0,0,0,0,0,0,1
nosaltres,0.3333,9,0,0,0,0,0,0,1
stone,0.4,5,0,0,0,0,0,0,0
inventar,0.375,8,0,0,0,0,0,0,1
up,0.5,2,0,0,0,0,0,1,0
acer,0.5,4,0,0,0,0,0,0,1
passeig,0.4286,7,0,0,0,0,0,0,1
aliments,0.375,8,0,0,0,0,0,0,1
difícil,0.2857,7,1,0,0,0,0,0,1
indicate,0.5,8,0,0,0,0,0,0,0
contain,0.4286,7,0,0,0,0,0,0,0
house,0.6,5,0,0,0,0,0,0,0
support,0.2857,7,0,0,0,0,1,0,0
mapa,0.5,4,0,0,0,0,0,0,1
estació,0.4286,7,1,0,0,0,0,0,1
feed,0.5,4,0,0,1,0,0,0,1
fat,0.3333,3,0,0,0,0,0,0,0
interès,0.2857,7,1,0,0,0,0,0,1
paragraph,0.3333,9,0,0,0,0,0,0,0
sister,0.3333,6,0,0,0,0,0,0,0
problem,0.2857,7,0,0,0,0,0,0,0
poble,0.4,5,0,0,0,0,0,0,1
degree,0.5,6,0,0,0,1,0,0,0
human,0.4,5,0,0,0,0,0,0,0
segueixi,0.625,8,0,0,0,0,0,0,1
massa,0.4,5,0,0,0,0,0,0,1
rest,0.25,4,0,0,0,0,0,0,0
stay,0.25,4,0,0,0,0,0,0,0
particular,0.4,10,0,0,0,0,0,0,0
frase,0.4,5,0,0,0,0,0,0,1
still,0.2,5,0,0,0,0,0,0,0
through,0.2857,7,0,0,0,0,0,1,0
inici,0.6,5,0,0,0,0,0,0,1
poma,0.5,4,0,0,0,0,0,0,1
arbre,0.4,5,0,0,0,0,0,0,1
plural,0.3333,6,0,0,0,0,0,0,0
hurry,0.2,5,0,0,0,0,0,0,0
their,0.4,5,0,0,0,0,0,1,0
or,0.5,2,0,0,0,0,0,1,1
fruit,0.4,5,0,0,0,0,0,0,0
còlera,0.3333,6,1,0,0,0,0,0,1
green,0.4,5,0,0,1,0,0,0,0
sugar,0.4,5,0,0,0,0,0,0,0
draw,0.25,4,0,0,0,0,0,0,0
sabata,0.5,6,0,0,0,0,0,0,1
cor,0.3333,3,0,0,0,0,0,0,1
square,0.5,6,0,0,0,0,0,1,0
call,0.25,4,0,0,0,0,0,0,0
beguda,0.5,6,0,0,0,0,0,0,1
perill,0.3333,6,0,0,0,0,0,0,1
tall,0.25,4,0,0,0,0,0,0,1
cantar,0.3333,6,0,0,0,0,0,0,1
dependrà,0.25,8,1,0,0,0,0,0,1
dret,0.25,4,0,0,0,0,0,0,1
pare,0.5,4,0,0,0,0,0,0,1
brought,0.2857,7,0,0,0,0,0,0,0
llançar,0.2857,7,0,1,0,0,0,0,1
apareixerà,0.5,10,1,0,0,0,0,0,1
habitació,0.4444,9,1,0,0,0,0,0,1
skin,0.25,4,0,0,0,0,0,1,0
design,0.3333,6,0,0,0,0,0,0,0
gone,0.5,4,0,0,0,0,0,0,0
aquests,0.4286,7,0,0,0,0,0,0,1
fi,0.5,2,0,0,0,0,0,1,1
dona,0.5,4,0,0,0,0,0,0,1
both,0.25,4,0,0,0,0,0,1,0
boy,0.3333,3,0,0,0,0,0,0,0
vaixell,0.4286,7,0,0,0,0,0,0,1
object,0.3333,6,0,0,0,0,0,0,0
thin,0.25,4,0,0,0,0,0,1,0
rosa,0.5,4,0,0,0,0,0,0,1
hair,0.5,4,0,0,0,0,0,0,0
rellotge,0.375,8,0,0,0,0,0,0,1
oberta,0.5,6,0,0,0,0,0,0,1
name,0.5,4,0,0,0,0,0,0,0
wood,0.5,4,0,0,1,0,0,0,0
illa,0.5,4,0,0,0,0,0,0,1
develop,0.4286,7,0,0,0,0,0,0,0
every,0.4,5,0,0,0,0,0,0,0
caure,0.6,5,0,0,0,0,0,0,1
settle,0.3333,6,0,0,0,0,1,0,0
menys,0.2,5,0,0,0,0,0,0,1
dama,0.5,4,0,0,0,0,0,0,1
rebre,0.4,5,0,0,0,0,0,0,1
avís,0.25,4,1,0,0,0,0,0,1
path,0.25,4,0,0,0,0,0,1,0
paper,0.4,5,0,0,0,0,0,0,1
pregunta,0.375,8,0,0,0,0,0,0,1
silent,0.3333,6,0,0,0,0,0,0,0
see,0.6667,3,0,0,0,1,0,0,0
crit,0.25,4,0,0,0,0,0,0,1
sud,0.3333,3,0,0,0,0,0,0,1
motor,0.4,5,0,0,0,0,0,0,1
possible,0.375,8,0,0,0,0,0,0,0
tie,0.6667,3,0,0,0,0,0,0,0
climb,0.2,5,0,0,0,0,0,0,0
reclamació,0.4,10,1,0,0,0,0,0,1
industry,0.25,8,0,0,0,0,0,0,0
roda,0.5,4,0,0,0,0,0,0,1
bat,0.3333,3,0,0,0,0,0,0,0
wife,0.5,4,0,0,0,0,0,0,0
estrany,0.2857,7,0,0,0,0,0,0,1
flow,0.25,4,0,0,0,0,0,0,0
cultius,0.4286,7,0,0,0,0,0,0,1
només,0.2,5,1,0,0,0,0,0,1
cost,0.25,4,0,0,0,0,0,0,1
vadonar,0.4286,7,0,0,0,0,0,0,1
school,0.3333,6,0,0,1,0,1,1,0
lluna,0.4,5,0,0,0,0,0,0,1
sovint,0.3333,6,0,0,0,0,0,0,1
position,0.5,8,0,0,0,0,0,0,0
bought,0.3333,6,0,0,0,0,0,0,0
light,0.2,5,0,0,0,0,0,0,0
cause,0.6,5,0,0,0,0,0,0,0
under,0.4,5,0,0,0,0,0,0,0
massa,0.4,5,0,0,0,0,0,0,1
self,0.25,4,0,0,0,0,0,0,0
trade,0.4,5,0,0,0,0,0,0,0
fins,0.25,4,0,0,0,0,0,0,1
capità,0.3333,6,1,0,0,0,0,0,1
thus,0.25,4,0,0,0,0,0,1,0
help,0.25,4,0,0,0,0,0,0,0
secció,0.3333,6,1,0,0,0,0,0,1
student,0.2857,7,0,0,0,0,0,0,0
believe,0.5714,7,0,0,0,0,0,0,0
vent,0.25,4,0,0,0,0,0,0,1
en,0.5,2,0,0,0,0,0,1,1
flower,0.3333,6,0,0,0,0,0,0,0
base,0.5,4,0,0,0,0,0,0,1
element,0.4286,7,0,0,0,0,0,0,0
vestit,0.3333,6,0,0,0,0,0,0,1
cent,0.25,4,0,0,0,0,0,0,1
neta,0.5,4,0,0,0,0,0,0,1
suit,0.5,4,0,0,0,0,0,0,0
lliure,0.5,6,0,0,0,0,0,0,1
molt,0.25,4,0,0,0,0,0,0,1
peu,0.6667,3,0,0,0,0,0,0,1
tall,0.25,4,0,0,0,0,0,0,0
diversió,0.375,8,1,0,0,0,0,0,1
blow,0.25,4,0,0,0,0,0,0,0
pick,0.25,4,0,0,0,0,0,0,0
am,0.5,2,0,0,0,0,0,1,0
must,0.25,4,0,0,0,0,0,0,0
want,0.25,4,0,0,0,0,0,0,0
bar,0.3333,3,0,0,0,0,0,0,1
centre,0.3333,6,0,0,0,0,0,0,1
gas,0.3333,3,0,0,0,0,0,0,1
llei,0.5,4,0,0,0,0,0,0,1
connect,0.2857,7,0,0,0,0,0,0,0
say,0.3333,3,0,0,0,0,0,0,0
yard,0.25,4,0,0,0,0,0,0,0
front,0.2,5,0,0,0,0,0,0,0
band,0.25,4,0,0,0,0,0,0,0
bit,0.3333,3,0,0,0,0,0,0,1
metall,0.3333,6,0,0,0,0,0,0,1
fill,0.25,4,0,0,0,0,0,0,0
move,0.5,4,0,0,0,0,0,0,0
verd,0.25,4,0,0,0,0,0,0,1
low,0.3333,3,0,0,0,0,0,0,0
guardar,0.4286,7,0,0,0,0,0,0,1
son,0.3333,3,0,0,0,0,0,0,0
menjar,0.3333,6,0,0,0,0,0,0,1
deep,0.5,4,0,0,1,0,0,0,0
actual,0.5,6,0,0,0,0,0,0,1
multitud,0.375,8,0,0,0,0,0,0,1
walk,0.25,4,0,0,0,0,0,0,0
preparar,0.375,8,0,0,0,0,0,0,1
augmentant,0.4,10,0,0,0,0,0,0,1
poem,0.5,4,0,0,0,0,0,0,0
describe,0.375,8,0,0,0,0,1,0,0
just,0.25,4,0,0,0,0,0,0,0
problemes,0.3333,9,0,0,0,0,0,0,1
resoldre,0.375,8,0,0,0,0,0,0,1
finestra,0.375,8,0,0,0,0,0,0,1
lost,0.25,4,0,0,0,0,0,0,0
segment,0.2857,7,0,0,0,0,0,0,1
figura,0.5,6,0,0,0,0,0,0,1
córrer,0.1667,6,1,0,0,0,0,0,1
guess,0.4,5,0,0,0,0,0,0,0
populate,0.5,8,0,0,0,0,0,0,0
el,0.5,2,0,0,0,0,0,1,1
letter,0.3333,6,0,0,0,0,1,0,0
nedar,0.4,5,0,0,0,0,0,0,1
escrit,0.3333,6,0,0,0,0,1,0,1
about,0.6,5,0,0,0,0,0,0,0
protect,0.2857,7,0,0,0,0,0,0,0
color,0.4,5,0,0,0,0,0,0,1
floor,0.4,5,0,0,1,0,0,0,0
practice,0.375,8,0,0,0,0,0,0,0
touch,0.4,5,0,0,0,0,0,1,0
course,0.5,6,0,0,0,0,0,0,0
children,0.25,8,0,0,0,0,0,1,0
menys,0.2,5,0,0,0,0,0,0,1
hores,0.4,5,0,0,0,0,0,0,1
correcta,0.375,8,0,0,0,0,0,0,1
card,0.25,4,0,0,0,0,0,0,0
south,0.4,5,0,0,0,0,0,1,0
oh,0.5,2,0,0,0,0,0,1,0
quiet,0.6,5,0,0,0,0,0,0,0
shoe,0.5,4,0,0,0,0,0,1,0
town,0.25,4,0,0,0,0,0,0,0
més,0.0,3,1,0,0,0,0,0,1
que,0.6667,3,0,0,0,0,0,0,1
guide,0.6,5,0,0,0,0,0,0,0
fins,0.25,4,0,0,0,0,0,0,1
mateixa,0.5714,7,0,0,0,0,0,0,1
anger,0.4,5,0,0,0,0,0,0,0
cook,0.5,4,0,0,1,0,0,0,0
gos,0.3333,3,0,0,0,0,0,0,1
quedar,0.5,6,0,0,0,0,0,0,1
cow,0.3333,3,0,0,0,0,0,0,0
grup,0.25,4,0,0,0,0,0,0,1
year,0.5,4,0,0,0,0,0,0,0
persobre,0.375,8,0,0,0,0,0,0,1
si,0.5,2,0,0,0,0,0,1,1
bring,0.2,5,0,0,0,0,0,0,0
forward,0.2857,7,0,0,0,0,0,0,0
passeig,0.4286,7,0,0,0,0,0,0,1
rich,0.25,4,0,0,0,0,0,1,0
came,0.5,4,0,0,0,0,0,0,0
spoke,0.4,5,0,0,0,0,0,0,0
exercici,0.5,8,0,0,0,0,0,0,1
important,0.3333,9,0,0,0,0,0,0,1
comerç,0.3333,6,0,1,0,0,0,0,1
talk,0.25,4,0,0,0,0,0,0,0
vidre,0.4,5,0,0,0,0,0,0,1
store,0.4,5,0,0,0,0,0,0,0
event,0.4,5,0,0,0,0,0,0,0
wind,0.25,4,0,0,0,0,0,0,0
llegir,0.3333,6,0,0,0,0,0,0,1
ease,0.75,4,0,0,0,0,0,0,0
sail,0.5,4,0,0,0,0,0,0,0
grand,0.2,5,0,0,0,0,0,0,0
rain,0.5,4,0,0,0,0,0,0,0
modern,0.3333,6,0,0,0,0,0,0,0
mal,0.3333,3,0,0,0,0,0,0,1
jump,0.25,4,0,0,0,0,0,0,0
bank,0.25,4,0,0,0,0,0,0,0
plantejar,0.3333,9,0,0,0,0,0,0,1
feel,0.5,4,0,0,1,0,0,0,0
live,0.5,4,0,0,0,0,0,0,0
stick,0.2,5,0,0,0,0,0,0,0
mesurar,0.4286,7,0,0,0,0,0,0,1
servir,0.3333,6,0,0,0,0,0,0,1
partit,0.3333,6,0,0,0,0,0,0,1
led,0.3333,3,0,0,0,0,0,0,0
somriure,0.5,8,0,0,0,0,0,0,1
direct,0.3333,6,0,0,0,0,0,0,0
acord,0.4,5,0,0,0,0,0,0,1
arm,0.3333,3,0,0,0,0,0,0,0
acte,0.5,4,0,0,0,0,0,0,1
país,0.25,4,1,0,0,0,0,0,1
qüestió,0.2857,7,1,0,0,0,0,0,1
la,0.5,2,0,0,0,0,0,1,1
turó,0.25,4,1,0,0,0,0,0,1
fine,0.5,4,0,0,0,0,0,0,0
verb,0.25,4,0,0,0,0,0,0,0
molècula,0.375,8,1,0,0,0,0,0,1
cua,0.6667,3,0,0,0,0,0,0,1
dream,0.4,5,0,0,0,0,0,0,0
catch,0.2,5,0,0,0,0,0,1,0
natural,0.4286,7,0,0,0,0,0,0,0
fer,0.3333,3,0,0,0,0,0,0,1
primavera,0.4444,9,0,0,0,0,0,0,1
substance,0.3333,9,0,0,0,0,0,0,0
knew,0.25,4,0,0,0,0,0,0,0
pràctica,0.25,8,1,0,0,0,0,0,1
especially,0.4,10,0,0,0,0,0,0,0
millor,0.3333,6,0,0,0,0,0,0,1
fila,0.5,4,0,0,0,0,0,0,1
dir,0.3333,3,0,0,0,0,0,0,1
eye,0.6667,3,0,0,0,0,0,0,0
vista,0.4,5,0,0,0,0,0,0,1
require,0.5714,7,0,0,0,0,0,0,0
repeteixi,0.5556,9,0,0,0,0,0,0,1
el,0.5,2,0,0,0,0,0,1,1
ocell,0.4,5,0,0,0,0,0,0,1
cantonada,0.4444,9,0,0,0,0,0,0,1
type,0.25,4,0,0,0,0,0,0,0
fort,0.25,4,0,0,0,0,0,0,1
ruptura,0.4286,7,0,0,0,0,0,0,1
gentle,0.3333,6,0,0,0,0,0,0,0
objecte,0.4286,7,0,0,0,0,0,0,1
germana,0.4286,7,0,0,0,0,0,0,1
pull,0.25,4,0,0,0,0,0,0,0
pista,0.4,5,0,0,0,0,0,0,1
fit,0.3333,3,0,0,0,0,0,0,0
bottom,0.3333,6,0,0,0,0,1,0,0
range,0.4,5,0,0,0,0,0,0,0
rather,0.3333,6,0,0,0,0,1,0,0
vida,0.5,4,0,0,0,0,0,0,1
deixar,0.5,6,0,0,0,0,0,0,1
diferir,0.4286,7,0,0,0,0,0,0,1
tone,0.5,4,0,0,0,0,0,0,0
on,0.5,2,0,0,0,0,0,1,0
pensat,0.3333,6,0,0,0,0,0,0,1
family,0.3333,6,0,0,0,0,0,0,0
succeir,0.4286,7,0,0,0,0,0,0,1
back,0.25,4,0,0,0,0,0,0,0
group,0.4,5,0,0,0,0,0,0,0
saltar,0.3333,6,0,0,0,0,0,0,1
primer,0.3333,6,0,0,0,0,0,0,1
subjecte,0.375,8,0,0,0,0,0,0,1
gun,0.3333,3,0,0,0,0,0,0,0
somni,0.4,5,0,0,0,0,0,0,1
log,0.3333,3,0,0,0,0,0,0,1
black,0.2,5,0,0,0,0,0,0,0
mount,0.4,5,0,0,0,0,0,0,0
polzades,0.375,8,0,0,0,0,0,0,1
circle,0.3333,6,0,0,0,0,0,0,0
pot,0.3333,3,0,0,0,0,0,0,1
stop,0.25,4,0,0,0,0,0,0,0
got,0.3333,3,0,0,0,0,0,0,0
esperar,0.4286,7,0,0,0,0,0,0,1
seleccioneu,0.5455,11,0,0,0,0,0,0,1
like,0.5,4,0,0,0,0,0,0,0
insect,0.3333,6,0,0,0,0,0,0,0
ronda,0.4,5,0,0,0,0,0,0,1
was,0.3333,3,0,0,0,0,0,0,0
anys,0.25,4,0,0,0,0,0,0,1
lloc,0.25,4,0,0,0,0,0,0,1
els,0.3333,3,0,0,0,0,0,0,1
cada,0.5,4,0,0,0,0,0,0,1
valley,0.3333,6,0,0,0,0,0,0,0
his,0.3333,3,0,0,0,0,0,0,0
temperatura,0.4545,11,0,0,0,0,0,0,1
ser,0.3333,3,0,0,0,0,0,0,1
aturi,0.6,5,0,0,0,0,0,0,1
short,0.2,5,0,0,0,0,0,1,0
veure,0.6,5,0,0,0,0,0,0,1
visit,0.4,5,0,0,0,0,0,0,0
encara,0.5,6,0,0,0,0,0,0,1
whose,0.4,5,0,0,0,0,0,0,0
oh,0.5,2,0,0,0,0,0,1,1
bord,0.25,4,0,0,0,0,0,0,1
plaça,0.4,5,0,1,0,0,0,0,1
permetre,0.375,8,0,0,0,0,0,0,1
line,0.5,4,0,0,0,0,0,0,0
seed,0.5,4,0,0,1,0,0,0,0
lift,0.25,4,0,0,0,0,0,0,0
four,0.5,4,0,0,0,0,0,0,0
caràcter,0.25,8,1,0,0,0,0,0,1
captain,0.4286,7,0,0,0,0,0,0,0
long,0.25,4,0,0,0,0,0,0,0
peça,0.5,4,0,1,0,0,0,0,1
use,0.6667,3,0,0,0,0,0,0,0
method,0.3333,6,0,0,0,0,1,0,0
against,0.4286,7,0,0,0,0,0,0,0
expect,0.3333,6,0,0,0,0,0,0,0
aquest,0.5,6,0,0,0,0,0,0,1
the,0.3333,3,0,0,0,0,0,1,0
rose,0.5,4,0,0,0,0,0,0,0
can,0.3333,3,0,0,0,0,0,0,0
surprise,0.375,8,0,0,0,0,0,0,0
very,0.25,4,0,0,0,0,0,0,0
guardat,0.4286,7,0,0,0,0,0,0,1
caure,0.6,5,0,0,0,0,0,0,1
carn,0.25,4,0,0,0,0,0,0,1
termini,0.4286,7,0,0,0,0,0,0,1
terreny,0.2857,7,0,0,0,0,0,0,1
faria,0.6,5,0,0,0,0,0,0,1
much,0.25,4,0,0,0,0,0,1,0
instantània,0.3636,11,1,0,0,0,0,0,1
ice,0.6667,3,0,0,0,0,0,0,0
wrote,0.4,5,0,0,0,0,0,0,0
taula,0.6,5,0,0,0,0,0,0,1
stood,0.4,5,0,0,1,0,0,0,0
aigua,0.8,5,0,0,0,0,0,0,1
sortida,0.4286,7,0,0,0,0,0,0,1
spell,0.2,5,0,0,0,0,0,0,0
dansa,0.4,5,0,0,0,0,0,0,1
os,0.5,2,0,0,0,0,0,1,1
pot,0.3333,3,0,0,0,0,0,0,1
exact,0.4,5,0,0,0,0,0,0,0
land,0.25,4,0,0,0,0,0,0,0
nou,0.6667,3,0,0,0,0,0,0,1
grand,0.2,5,0,0,0,0,0,0,1
fruita,0.5,6,0,0,0,0,0,0,1
home,0.5,4,0,0,0,0,0,0,1
next,0.25,4,0,0,0,0,0,0,0
effect,0.3333,6,0,0,0,0,1,0,0
història,0.375,8,1,0,0,0,0,0,1
most,0.25,4,0,0,0,0,0,0,0
sang,0.25,4,0,0,0,0,0,0,1
oferta,0.5,6,0,0,0,0,0,0,1
reach,0.4,5,0,0,0,0,0,1,0
esclau,0.5,6,0,0,0,0,0,0,1
favor,0.4,5,0,0,0,0,0,0,0
should,0.3333,6,0,0,0,0,0,1,0
office,0.5,6,0,0,0,0,1,0,0
serve,0.4,5,0,0,0,0,0,0,0
high,0.25,4,0,0,0,0,0,0,0
figa,0.5,4,0,0,0,0,0,0,1
salvatge,0.375,8,0,0,0,0,0,0,1
tractar,0.2857,7,0,0,0,0,0,0,1
stream,0.3333,6,0,0,0,0,0,0,0
string,0.1667,6,0,0,0,0,0,0,1
since,0.4,5,0,0,0,0,0,0,0
noia,0.75,4,0,0,0,0,0,0,1
page,0.5,4,0,0,0,0,0,0,0
rock,0.25,4,0,0,0,0,0,0,0
casa,0.5,4,0,0,0,0,0,0,1
water,0.4,5,0,0,0,0,0,0,0
lliscament,0.3,10,0,0,0,0,0,0,1
instrument,0.3,10,0,0,0,0,0,0,1
i,1.0,1,0,0,0,1,0,1,1
miss,0.25,4,0,0,0,0,0,0,0
experience,0.5,10,0,0,0,0,0,0,0
close,0.4,5,0,0,0,0,0,0,0
noon,0.5,4,0,0,1,0,0,0,0
o,1.0,1,0,0,0,1,0,1,1
pertant,0.2857,7,0,0,0,0,0,0,1
these,0.4,5,0,0,0,0,0,1,0
calenta,0.4286,7,0,0,0,0,0,0,1
bright,0.1667,6,0,0,0,0,0,0,0
where,0.4,5,0,0,0,0,0,0,0
oceà,0.5,4,1,0,0,0,0,0,1
pocs,0.25,4,0,0,0,0,0,0,1
necessari,0.4444,9,0,0,0,0,0,0,1
think,0.2,5,0,0,0,0,0,1,0
cover,0.4,5,0,0,0,0,0,0,0
perhaps,0.2857,7,0,0,0,0,0,0,0
length,0.1667,6,0,0,0,0,0,1,0
plana,0.4,5,0,0,0,0,0,0,1
study,0.2,5,0,0,0,0,0,0,0
equiparar,0.5556,9,0,0,0,0,0,0,1
síl·laba,0.25,8,1,0,0,0,0,0,1
month,0.2,5,0,0,0,0,0,1,0
sea,0.6667,3,0,0,0,0,0,0,0
quite,0.6,5,0,0,0,0,0,0,0
cap,0.3333,3,0,0,0,0,0,0,1
ten,0.3333,3,0,0,0,0,0,0,0
escriure,0.5,8,0,0,0,0,1,0,1
set,0.3333,3,0,0,0,0,0,0,0
appear,0.5,6,0,0,0,0,1,0,0
cuiner,0.5,6,0,0,0,0,0,0,1
còpia,0.4,5,1,0,0,0,0,0,1
few,0.3333,3,0,0,0,0,0,0,0
pintar,0.3333,6,0,0,0,0,0,0,1
crease,0.5,6,0,0,0,0,0,0,0
lead,0.5,4,0,0,0,0,0,0,0
be,0.5,2,0,0,0,0,0,1,0
soon,0.5,4,0,0,1,0,0,0,0
minuts,0.3333,6,0,0,0,0,0,0,1
cool,0.5,4,0,0,1,0,0,0,0
batre,0.4,5,0,0,0,0,0,0,1
sobre,0.4,5,0,0,0,0,0,0,1
our,0.6667,3,0,0,0,0,0,0,0
nature,0.5,6,0,0,0,0,0,0,0
casa,0.5,4,0,0,0,0,0,0,1
trouble,0.4286,7,0,0,0,0,0,0,0
sudden,0.3333,6,0,0,0,0,1,0,0
radio,0.6,5,0,0,0,0,0,0,0
wait,0.5,4,0,0,0,0,0,0,0
lletrejar,0.3333,9,0,0,0,0,0,0,1
wrong,0.2,5,0,0,0,0,0,0,0
guiar,0.6,5,0,0,0,0,0,0,1
him,0.3333,3,0,0,0,0,0,0,0
prove,0.4,5,0,0,0,0,0,0,0
plan,0.25,4,0,0,0,0,0,0,0
if,0.5,2,0,0,0,0,0,1,0
cat,0.3333,3,0,0,0,0,0,0,1
vowel,0.4,5,0,0,0,0,0,0,0
nostra,0.3333,6,0,0,0,0,0,0,1
morir,0.4,5,0,0,0,0,0,0,1
humà,0.25,4,1,0,0,0,0,0,1
claim,0.4,5,0,0,0,0,0,0,0
núvol,0.2,5,1,0,0,0,0,0,1
off,0.3333,3,0,0,0,0,0,1,0
me,0.5,2,0,0,0,0,0,1,0
propi,0.4,5,0,0,0,0,0,0,1
buy,0.3333,3,0,0,0,0,0,0,0
com,0.3333,3,0,0,0,0,0,0,1
tell,0.25,4,0,0,0,0,0,0,0
sota,0.5,4,0,0,0,0,0,0,1
product,0.2857,7,0,0,0,0,0,0,0
join,0.5,4,0,0,0,0,0,0,0
pressa,0.3333,6,0,0,0,0,0,0,1
unir-se,0.4286,7,0,0,0,0,0,0,1
música,0.3333,6,1,0,0,0,0,0,1
triangle,0.375,8,0,0,0,0,0,0,0
sheet,0.4,5,0,0,1,0,0,1,0
heat,0.5,4,0,0,0,0,0,0,0
empresa,0.4286,7,0,0,0,0,0,0,1
far,0.3333,3,0,0,0,0,0,0,0
neck,0.25,4,0,0,0,0,0,0,0
pair,0.5,4,0,0,0,0,0,0,0
round,0.4,5,0,0,0,0,0,0,0
mantenir,0.375,8,0,0,0,0,0,0,1
estudi,0.5,6,0,0,0,0,0,0,1
shall,0.2,5,0,0,0,0,0,1,0
except,0.3333,6,0,0,0,0,0,0,0
llarg,0.2,5,0,0,0,0,0,0,1
hope,0.5,4,0,0,0,0,0,0,0
seva,0.5,4,0,0,0,0,0,0,1
clock,0.2,5,0,0,0,0,0,0,0
calor,0.4,5,0,0,0,0,0,0,1
escola,0.5,6,0,0,0,0,0,0,1
operate,0.5714,7,0,0,0,0,0,0,0
coll,0.25,4,0,0,0,0,0,0,1
mind,0.25,4,0,0,0,0,0,0,0
reals,0.4,5,0,0,0,0,0,0,1
feet,0.5,4,0,0,1,0,0,0,0
cos,0.3333,3,0,0,0,0,0,0,1
dents,0.2,5,0,0,0,0,0,0,1
division,0.5,8,0,0,0,0,0,0,0
clothe,0.3333,6,0,0,0,0,1,0,0
molt,0.25,4,0,0,0,0,0,0,1
fresh,0.2,5,0,0,0,0,0,1,0
continent,0.3333,9,0,0,0,0,0,0,0
may,0.3333,3,0,0,0,0,0,0,0
has,0.3333,3,0,0,0,0,0,0,0
sleep,0.4,5,0,0,1,0,0,0,0
city,0.25,4,0,0,0,0,0,0,0
heart,0.4,5,0,0,0,0,0,0,0
colpejar,0.375,8,0,0,0,0,0,0,1
melodia,0.5714,7,0,0,0,0,0,0,1
guerra,0.5,6,0,0,0,0,0,0,1
és,0.0,2,1,0,0,0,0,1,1
sell,0.25,4,0,0,0,0,0,0,0
fa,0.5,2,0,0,0,0,0,1,1
warm,0.25,4,0,0,0,0,0,0,0
many,0.25,4,0,0,0,0,0,0,0
less,0.25,4,0,0,0,0,0,0,0
augmentar,0.4444,9,0,0,0,0,0,0,1
cadira,0.5,6,0,0,0,0,0,0,1
material,0.5,8,0,0,0,0,0,0,0
carretera,0.4444,9,0,0,0,0,0,0,1
pretty,0.1667,6,0,0,0,0,1,0,0
davant,0.3333,6,0,0,0,0,0,0,1
gel,0.3333,3,0,0,0,0,0,0,1
chick,0.2,5,0,0,0,0,0,1,0
open,0.5,4,0,0,0,0,0,0,0
better,0.3333,6,0,0,0,0,1,0,0
oxigen,0.5,6,0,0,0,0,0,0,1
parlar,0.3333,6,0,0,0,0,0,0,1
segur,0.4,5,0,0,0,0,0,0,1
registre,0.375,8,0,0,0,0,0,0,1
magnet,0.3333,6,0,0,0,0,0,0,0
done,0.5,4,0,0,0,0,0,0,0
cobrar,0.3333,6,0,0,0,0,0,0,1
milk,0.25,4,0,0,0,0,0,0,0
father,0.3333,6,0,0,0,0,1,0,0
food,0.5,4,0,0,1,0,0,0,0
requerir,0.5,8,0,0,0,0,0,0,1
flat,0.25,4,0,0,0,0,0,0,0
millor,0.3333,6,0,0,0,0,0,0,1
girl,0.25,4,0,0,0,0,0,0,0
descriure,0.4444,9,0,0,0,0,1,0,1
sentir,0.3333,6,0,0,0,0,0,0,1
offer,0.4,5,0,0,0,0,1,0,0
melody,0.3333,6,0,0,0,0,0,0,0
burn,0.25,4,0,0,0,0,0,0,0
alegria,0.5714,7,0,0,0,0,0,0,1
encara,0.5,6,0,0,0,0,0,0,1
finger,0.3333,6,0,0,0,0,0,0,0
captures,0.375,8,0,0,0,0,0,0,1
temps,0.2,5,0,0,0,0,0,0,1
fill,0.25,4,0,0,0,0,0,0,1
aconseguit,0.5,10,0,0,0,0,0,0,1
xerrada,0.4286,7,0,0,0,0,0,0,1
were,0.5,4,0,0,0,0,0,0,0
middle,0.3333,6,0,0,0,0,1,0,0
lloc,0.25,4,0,0,0,0,0,0,1
alguns,0.3333,6,0,0,0,0,0,0,1
first,0.2,5,0,0,0,0,0,0,0
gamma,0.4,5,0,0,0,0,0,0,1
only,0.25,4,0,0,0,0,0,0,0
force,0.4,5,0,0,0,0,0,0,0
women,0.4,5,0,0,0,0,0,0,0
noise,0.6,5,0,0,0,0,0,0,0
while,0.4,5,0,0,0,0,0,0,0
art,0.3333,3,0,0,0,0,0,0,0
peus,0.5,4,0,0,0,0,0,0,1
pneumàtics,0.3,10,1,0,0,0,0,0,1
primerenca,0.4,10,0,0,0,0,0,0,1
mètode,0.3333,6,1,0,0,0,0,0,1
hivern,0.3333,6,0,0,0,0,0,0,1
suggest,0.2857,7,0,0,0,0,1,0,0
gran,0.25,4,0,0,0,0,0,0,1
noun,0.5,4,0,0,0,0,0,0,0
sempre,0.3333,6,0,0,0,0,0,0,1
decimal,0.4286,7,0,0,0,0,0,0,1
nota,0.5,4,0,0,0,0,0,0,1
mantenir,0.375,8,0,0,0,0,0,0,1
star,0.25,4,0,0,0,0,0,0,0
superfície,0.4,10,1,0,0,0,0,0,1
soldier,0.4286,7,0,0,0,0,0,0,0
wide,0.5,4,0,0,0,0,0,0,0
vocal,0.4,5,0,0,0,0,0,0,1
jove,0.5,4,0,0,0,0,0,0,1
enorme,0.5,6,0,0,0,0,0,0,1
lake,0.5,4,0,0,0,0,0,0,0
simple,0.3333,6,0,0,0,0,0,0,1
significat,0.4,10,0,0,0,0,0,0,1
mil,0.3333,3,0,0,0,0,0,0,1
sorra,0.4,5,0,0,0,0,0,0,1
escoltar,0.375,8,0,0,0,0,0,0,1
cercle,0.3333,6,0,0,0,0,0,0,1
idioma,0.6667,6,0,0,0,0,0,0,1
fina,0.5,4,0,0,0,0,0,0,1
ella,0.5,4,0,0,0,0,0,0,1
desitjos,0.375,8,0,0,0,0,0,0,1
log,0.3333,3,0,0,0,0,0,0,0
