word,ratio,cantidadLetras,gotAccent,gotCedilla,doubleVocal,enCC,enVocalTrigraph,enGraphs,enEnding,y
dones,0.4,5,0,0,0,0,0,0,0,1
blood,0.4,5,0,0,1,0,0,0,0,0
valor,0.4,5,0,0,0,0,0,0,0,1
patró,0.2,5,1,0,0,0,0,0,0,1
feel,0.5,4,0,0,1,0,0,0,0,0
modern,0.3333,6,0,0,0,0,0,0,0,0
habilitat,0.4444,9,0,0,0,0,0,0,0,1
differ,0.3333,6,0,0,0,1,0,0,0,0
thick,0.2,5,0,0,0,1,0,0,0,0
feet,0.5,4,0,0,1,0,0,0,0,0
brillant,0.25,8,0,0,0,0,0,0,0,1
mida,0.5,4,0,0,0,0,0,0,0,1
LED,0.0,3,0,0,0,0,0,0,0,1
am,0.5,2,0,0,0,0,0,0,0,1
sat,0.3333,3,0,0,0,0,0,0,0,1
speak,0.4,5,0,0,0,0,0,0,0,0
valley,0.3333,6,0,0,0,0,0,0,0,0
por,0.3333,3,0,0,0,0,0,0,0,1
wish,0.25,4,0,0,0,1,0,0,0,0
father,0.3333,6,0,0,0,1,0,0,0,0
six,0.3333,3,0,0,0,0,0,0,0,0
ball,0.25,4,0,0,0,0,0,0,0,0
doble,0.4,5,0,0,0,0,0,0,0,1
end,0.3333,3,0,0,0,0,0,0,0,0
grau,0.5,4,0,0,0,0,0,0,0,1
slow,0.25,4,0,0,0,0,0,0,0,0
mount,0.4,5,0,0,0,0,0,0,0,0
nen,0.3333,3,0,0,0,0,0,0,0,1
eye,0.6667,3,0,0,0,0,0,0,0,0
córrer,0.1667,6,1,0,0,0,0,0,0,1
eight,0.4,5,0,0,0,1,0,1,0,0
thin,0.25,4,0,0,0,1,0,0,0,0
portar,0.3333,6,0,0,0,0,0,0,0,1
decimal,0.4286,7,0,0,0,0,0,0,0,1
say,0.3333,3,0,0,0,0,0,0,0,0
feliç,0.4,5,0,1,0,0,0,0,0,1
past,0.25,4,0,0,0,0,0,0,1,0
batre,0.4,5,0,0,0,0,0,0,0,1
equate,0.6667,6,0,0,0,0,0,0,1,0
particular,0.4,10,0,0,0,0,0,0,0,1
estat,0.4,5,0,0,0,0,0,0,0,1
final,0.4,5,0,0,0,0,0,0,0,0
no,0.5,2,0,0,0,0,0,0,0,1
caure,0.6,5,0,0,0,0,0,0,0,1
preparar,0.375,8,0,0,0,0,0,0,0,1
finger,0.3333,6,0,0,0,0,0,0,0,0
while,0.4,5,0,0,0,1,0,0,0,0
now,0.3333,3,0,0,0,0,0,0,0,0
molt,0.25,4,0,0,0,0,0,0,0,1
or,0.5,2,0,0,0,0,0,0,0,1
suggerir,0.375,8,0,0,0,1,0,0,0,1
foot,0.5,4,0,0,1,0,0,0,0,0
determine,0.4444,9,0,0,0,0,0,0,0,0
propietat,0.4444,9,0,0,0,0,0,0,0,1
since,0.4,5,0,0,0,0,0,0,0,0
esquerra,0.5,8,0,0,0,1,0,0,0,1
on,0.5,2,0,0,0,0,0,0,0,1
second,0.3333,6,0,0,0,0,0,0,0,0
believe,0.5714,7,0,0,0,0,0,0,0,0
sleep,0.4,5,0,0,1,0,0,0,0,0
temps,0.2,5,0,0,0,0,0,0,0,1
office,0.5,6,0,0,0,1,0,0,0,0
pàgina,0.3333,6,1,0,0,0,0,0,0,1
fins,0.25,4,0,0,0,0,0,0,0,1
contra,0.3333,6,0,0,0,0,0,0,0,1
to,0.5,2,0,0,0,0,0,0,0,1
receive,0.5714,7,0,0,0,0,0,0,0,0
ground,0.3333,6,0,0,0,0,0,0,0,0
coberta,0.4286,7,0,0,0,0,0,0,0,1
clock,0.2,5,0,0,0,1,0,0,0,0
smile,0.4,5,0,0,0,1,0,0,0,0
bola,0.5,4,0,0,0,0,0,0,0,1
against,0.4286,7,0,0,0,0,0,0,1,0
melodia,0.5714,7,0,0,0,0,0,0,0,1
seat,0.5,4,0,0,0,0,0,0,0,0
cosa,0.5,4,0,0,0,0,0,0,0,1
escriure,0.5,8,0,0,0,1,0,0,0,1
riu,0.6667,3,0,0,0,0,0,0,0,1
por,0.3333,3,0,0,0,0,0,0,0,1
company,0.2857,7,0,0,0,0,0,0,0,0
vaixell,0.4286,7,0,0,0,0,0,0,0,1
from,0.25,4,0,0,0,0,0,0,0,0
glass,0.2,5,0,0,0,0,0,0,0,0
do,0.5,2,0,0,0,0,0,0,0,0
mercat,0.3333,6,0,0,0,0,0,0,0,1
can,0.3333,3,0,0,0,0,0,0,0,0
was,0.3333,3,0,0,0,0,0,0,0,0
bear,0.5,4,0,0,0,0,0,0,0,0
equal,0.6,5,0,0,0,0,0,0,0,0
vowel,0.4,5,0,0,0,0,0,0,0,0
deixar,0.5,6,0,0,0,0,0,0,0,1
afraid,0.5,6,0,0,0,0,0,0,0,0
car,0.3333,3,0,0,0,0,0,0,0,0
recta,0.4,5,0,0,0,0,0,0,0,1
own,0.3333,3,0,0,0,0,0,0,0,0
his,0.3333,3,0,0,0,0,0,0,0,0
slave,0.4,5,0,0,0,0,0,0,0,0
regla,0.4,5,0,0,0,0,0,0,0,1
machine,0.4286,7,0,0,0,1,0,0,0,0
vadonar,0.4286,7,0,0,0,0,0,0,0,1
lost,0.25,4,0,0,0,0,0,0,1,0
less,0.25,4,0,0,0,0,0,0,0,0
seven,0.4,5,0,0,0,0,0,0,0,0
describe,0.375,8,0,0,0,1,0,0,0,0
cent,0.25,4,0,0,0,0,0,0,0,1
donar,0.4,5,0,0,0,0,0,0,0,1
trade,0.4,5,0,0,0,0,0,0,0,0
fresc,0.2,5,0,0,0,0,0,0,0,1
am,0.5,2,0,0,0,0,0,0,0,0
straight,0.25,8,0,0,0,1,0,1,0,0
fat,0.3333,3,0,0,0,0,0,0,0,0
bord,0.25,4,0,0,0,0,0,0,0,1
spread,0.3333,6,0,0,0,1,0,0,0,0
about,0.6,5,0,0,0,0,0,0,0,0
esperar,0.4286,7,0,0,0,0,0,0,0,1
tail,0.5,4,0,0,0,0,0,0,0,0
often,0.4,5,0,0,0,0,0,0,0,0
resposta,0.375,8,0,0,0,0,0,0,0,1
treball,0.2857,7,0,0,0,0,0,0,0,1
seem,0.5,4,0,0,1,0,0,0,0,0
busy,0.25,4,0,0,0,0,0,0,0,0
never,0.4,5,0,0,0,0,0,0,0,0
run,0.3333,3,0,0,0,0,0,0,0,0
sovint,0.3333,6,0,0,0,0,0,0,0,1
that,0.25,4,0,0,0,1,0,0,0,0
qualsevol,0.4444,9,0,0,0,0,0,0,0,1
dansa,0.4,5,0,0,0,0,0,0,0,1
dark,0.25,4,0,0,0,0,0,0,0,0
farà,0.25,4,1,0,0,0,0,0,0,1
pesada,0.5,6,0,0,0,0,0,0,0,1
os,0.5,2,0,0,0,0,0,0,0,1
safe,0.5,4,0,0,0,0,0,0,0,0
indústria,0.3333,9,1,0,0,0,0,0,0,1
terreny,0.2857,7,0,0,0,0,0,0,0,1
nen,0.3333,3,0,0,0,0,0,0,0,1
cotton,0.3333,6,0,0,0,1,0,0,0,0
portat,0.3333,6,0,0,0,0,0,0,0,1
vela,0.5,4,0,0,0,0,0,0,0,1
tranquil,0.375,8,0,0,0,0,0,0,0,1
governar,0.375,8,0,0,0,0,0,0,0,1
noun,0.5,4,0,0,0,0,0,0,0,0
període,0.4286,7,1,0,0,0,0,0,0,1
cause,0.6,5,0,0,0,0,0,0,0,0
planeta,0.4286,7,0,0,0,0,0,0,0,1
element,0.4286,7,0,0,0,0,0,0,0,0
swim,0.25,4,0,0,0,1,0,0,0,0
punt,0.25,4,0,0,0,0,0,0,0,1
trencar,0.2857,7,0,0,0,0,0,0,0,1
sal,0.3333,3,0,0,0,0,0,0,0,1
nature,0.5,6,0,0,0,0,0,0,0,0
llarg,0.2,5,0,0,0,0,0,0,0,1
very,0.25,4,0,0,0,0,0,0,0,0
bird,0.25,4,0,0,0,0,0,0,0,0
nose,0.5,4,0,0,0,0,0,0,0,0
pare,0.5,4,0,0,0,0,0,0,0,1
nit,0.3333,3,0,0,0,0,0,0,0,1
oh,0.5,2,0,0,0,0,0,0,0,1
eat,0.6667,3,0,0,0,0,0,0,0,0
instant,0.2857,7,0,0,0,0,0,0,0,0
cold,0.25,4,0,0,0,0,0,0,0,0
petit,0.4,5,0,0,0,0,0,0,0,1
consonant,0.3333,9,0,0,0,0,0,0,0,1
experiment,0.4,10,0,0,0,0,0,0,0,1
grand,0.2,5,0,0,0,0,0,0,0,1
pis,0.3333,3,0,0,0,0,0,0,0,1
told,0.25,4,0,0,0,0,0,0,0,0
bread,0.4,5,0,0,0,0,0,0,0,0
special,0.4286,7,0,0,0,0,0,0,0,0
hand,0.25,4,0,0,0,0,0,0,0,0
mar,0.3333,3,0,0,0,0,0,0,0,1
gran,0.25,4,0,0,0,0,0,0,0,1
veure,0.6,5,0,0,0,0,0,0,0,1
saber,0.4,5,0,0,0,0,0,0,0,1
petit,0.4,5,0,0,0,0,0,0,0,1
shout,0.4,5,0,0,0,1,0,0,0,0
should,0.3333,6,0,0,0,1,0,1,0,0
cançó,0.2,5,1,1,0,0,0,0,0,1
stone,0.4,5,0,0,0,0,0,0,0,0
soon,0.5,4,0,0,1,0,0,0,0,0
sortida,0.4286,7,0,0,0,0,0,0,0,1
vint,0.25,4,0,0,0,0,0,0,0,1
human,0.4,5,0,0,0,0,0,0,0,0
triangle,0.375,8,0,0,0,0,0,0,0,1
escoltar,0.375,8,0,0,0,0,0,0,0,1
hot,0.3333,3,0,0,0,0,0,0,0,0
down,0.25,4,0,0,0,0,0,0,0,0
dit,0.3333,3,0,0,0,0,0,0,0,1
country,0.2857,7,0,0,0,0,0,0,0,0
bastant,0.2857,7,0,0,0,0,0,0,0,1
black,0.2,5,0,0,0,1,0,0,0,0
substance,0.3333,9,0,0,0,0,0,0,0,0
quiet,0.6,5,0,0,0,0,0,0,0,0
insectes,0.375,8,0,0,0,0,0,0,0,1
cap,0.3333,3,0,0,0,0,0,0,0,1
lliura,0.5,6,0,0,0,0,0,0,0,1
nit,0.3333,3,0,0,0,0,0,0,0,1
door,0.5,4,0,0,1,0,0,1,0,0
famosa,0.5,6,0,0,0,0,0,0,0,1
made,0.5,4,0,0,0,0,0,0,0,0
dòlar,0.2,5,1,0,0,0,0,0,0,1
expect,0.3333,6,0,0,0,0,0,0,0,0
llei,0.5,4,0,0,0,0,0,0,0,1
cor,0.3333,3,0,0,0,0,0,0,0,1
were,0.5,4,0,0,0,0,0,0,0,0
tone,0.5,4,0,0,0,0,0,0,0,0
book,0.5,4,0,0,1,0,0,0,0,0
copy,0.25,4,0,0,0,0,0,0,0,0
des,0.3333,3,0,0,0,0,0,0,0,1
crear,0.4,5,0,0,0,0,0,0,0,1
dolent,0.3333,6,0,0,0,0,0,0,0,1
equip,0.6,5,0,0,0,0,0,0,1,1
jugar,0.4,5,0,0,0,0,0,0,0,1
original,0.5,8,0,0,0,0,0,0,0,0
naturalesa,0.5,10,0,0,0,0,0,0,0,1
will,0.25,4,0,0,0,0,0,0,0,0
persones,0.375,8,0,0,0,0,0,0,0,1
bring,0.2,5,0,0,0,0,0,0,1,0
anar,0.5,4,0,0,0,0,0,0,0,1
whole,0.4,5,0,0,0,1,0,0,0,0
insect,0.3333,6,0,0,0,0,0,0,0,0
tree,0.5,4,0,0,1,0,0,0,0,0
bona,0.5,4,0,0,0,0,0,0,0,1
true,0.5,4,0,0,0,0,0,0,0,0
vista,0.4,5,0,0,0,0,0,0,0,1
objecte,0.4286,7,0,0,0,0,0,0,0,1
recordar,0.375,8,0,0,0,0,0,0,0,1
temps,0.2,5,0,0,0,0,0,0,0,1
winter,0.3333,6,0,0,0,0,0,0,0,0
short,0.2,5,0,0,0,1,0,0,0,0
die,0.6667,3,0,0,0,0,0,0,0,0
gris,0.25,4,0,0,0,0,0,0,0,1
experiment,0.4,10,0,0,0,0,0,0,0,0
shine,0.4,5,0,0,0,1,0,0,0,0
dona,0.5,4,0,0,0,0,0,0,0,1
tingut,0.3333,6,0,0,0,0,0,0,0,1
just,0.25,4,0,0,0,0,0,0,1,1
fall,0.25,4,0,0,0,0,0,0,0,0
halar,0.4,5,0,0,0,0,0,0,0,1
reach,0.4,5,0,0,0,1,0,0,0,0
the,0.3333,3,0,0,0,1,0,0,0,0
plant,0.2,5,0,0,0,0,0,0,0,0
point,0.4,5,0,0,0,0,0,0,0,0
blau,0.5,4,0,0,0,0,0,0,0,1
campament,0.3333,9,0,0,0,0,0,0,0,1
trouble,0.4286,7,0,0,0,0,0,0,0,0
carretera,0.4444,9,0,0,0,0,0,0,0,1
front,0.2,5,0,0,0,0,0,0,0,0
sota,0.5,4,0,0,0,0,0,0,0,1
passar,0.3333,6,0,0,0,0,0,0,0,1
són,0.0,3,1,0,0,0,0,0,0,1
pound,0.4,5,0,0,0,0,0,0,0,0
pluja,0.4,5,0,0,0,0,0,0,0,1
durant,0.3333,6,0,0,0,0,0,0,0,1
baix,0.5,4,0,0,0,0,0,0,0,1
toward,0.3333,6,0,0,0,0,0,0,0,0
brillantor,0.3,10,0,0,0,0,0,0,0,1
estimar,0.4286,7,0,0,0,0,0,0,0,1
clothe,0.3333,6,0,0,0,1,0,0,0,0
corn,0.25,4,0,0,0,0,0,0,0,0
moviment,0.375,8,0,0,0,0,0,0,0,1
water,0.4,5,0,0,0,0,0,0,0,0
dia,0.6667,3,0,0,0,0,0,0,0,1
oli,0.6667,3,0,0,0,0,0,0,0,1
low,0.3333,3,0,0,0,0,0,0,0,0
opposite,0.5,8,0,0,0,1,0,0,0,0
chair,0.4,5,0,0,0,1,0,1,0,0
gamma,0.4,5,0,0,0,0,0,0,0,1
case,0.5,4,0,0,0,0,0,0,0,0
cercle,0.3333,6,0,0,0,0,0,0,0,1
gather,0.3333,6,0,0,0,1,0,0,0,0
prop,0.25,4,0,0,0,0,0,0,0,1
ser,0.3333,3,0,0,0,0,0,0,0,1
estrella,0.375,8,0,0,0,0,0,0,0,1
organ,0.4,5,0,0,0,0,0,0,0,0
descriure,0.4444,9,0,0,0,1,0,0,0,1
anger,0.4,5,0,0,0,0,0,0,0,0
salt,0.25,4,0,0,0,0,0,0,0,0
aquest,0.5,6,0,0,0,0,0,0,1,1
horse,0.4,5,0,0,0,0,0,0,0,0
grass,0.2,5,0,0,0,0,0,0,0,0
multiply,0.25,8,0,0,0,0,0,0,0,0
heart,0.4,5,0,0,0,0,0,1,0,0
tie,0.6667,3,0,0,0,0,0,0,0,0
music,0.4,5,0,0,0,0,0,0,0,0
viatge,0.5,6,0,0,0,0,0,0,0,1
city,0.25,4,0,0,0,0,0,0,0,0
hour,0.5,4,0,0,0,0,0,1,0,0
quart,0.4,5,0,0,0,0,0,0,0,0
before,0.5,6,0,0,0,0,0,0,0,0
mitjà,0.2,5,1,0,0,0,0,0,0,1
classe,0.3333,6,0,0,0,0,0,0,0,1
comú,0.25,4,1,0,0,0,0,0,0,1
race,0.5,4,0,0,0,0,0,0,0,0
clau,0.5,4,0,0,0,0,0,0,0,1
this,0.25,4,0,0,0,1,0,0,0,0
meant,0.4,5,0,0,0,0,0,0,0,0
tren,0.25,4,0,0,0,0,0,0,0,1
naturals,0.375,8,0,0,0,0,0,0,0,1
numeral,0.4286,7,0,0,0,0,0,0,0,1
molt,0.25,4,0,0,0,0,0,0,0,1
caught,0.3333,6,0,0,0,0,0,1,0,0
paret,0.4,5,0,0,0,0,0,0,0,1
pobres,0.3333,6,0,0,0,0,0,0,0,1
planet,0.3333,6,0,0,0,0,0,0,0,0
mentida,0.4286,7,0,0,0,0,0,0,0,1
cultius,0.4286,7,0,0,0,0,0,0,0,1
acer,0.5,4,0,0,0,0,0,0,0,1
mother,0.3333,6,0,0,0,1,0,0,0,0
similars,0.375,8,0,0,0,0,0,0,0,1
paraula,0.5714,7,0,0,0,0,0,0,0,1
sentit,0.3333,6,0,0,0,0,0,0,0,1
time,0.5,4,0,0,0,0,0,0,0,0
matar,0.4,5,0,0,0,0,0,0,0,1
aturi,0.6,5,0,0,0,0,0,0,0,1
poder,0.4,5,0,0,0,0,0,0,0,1
every,0.4,5,0,0,0,0,0,0,0,0
encara,0.5,6,0,0,0,0,0,0,0,1
object,0.3333,6,0,0,0,0,0,0,0,0
who,0.3333,3,0,0,0,1,0,0,0,0
animals,0.4286,7,0,0,0,0,0,0,0,1
paint,0.4,5,0,0,0,0,0,0,0,0
unitat,0.5,6,0,0,0,0,0,0,0,1
estudi,0.5,6,0,0,0,0,0,0,0,1
ease,0.75,4,0,0,0,0,0,0,0,0
deep,0.5,4,0,0,1,0,0,0,0,0
ells,0.25,4,0,0,0,0,0,0,0,1
motor,0.4,5,0,0,0,0,0,0,0,1
excitar,0.4286,7,0,0,0,0,0,0,0,1
pas,0.3333,3,0,0,0,0,0,0,0,1
oposada,0.5714,7,0,0,0,0,0,0,0,1
saw,0.3333,3,0,0,0,0,0,0,0,0
write,0.4,5,0,0,0,1,0,0,0,0
afavorir,0.5,8,0,0,0,0,0,0,0,1
kind,0.25,4,0,0,0,0,0,0,0,0
men,0.3333,3,0,0,0,0,0,0,0,0
acte,0.5,4,0,0,0,0,0,0,0,1
barrejar,0.375,8,0,0,0,0,0,0,0,1
whether,0.2857,7,0,0,0,1,0,0,0,0
ready,0.4,5,0,0,0,0,0,0,0,0
partit,0.3333,6,0,0,0,0,0,0,0,1
solution,0.5,8,0,0,0,0,0,0,0,0
mà,0.0,2,1,0,0,0,0,0,0,1
industry,0.25,8,0,0,0,0,0,0,0,0
include,0.4286,7,0,0,0,0,0,0,0,0
room,0.5,4,0,0,1,0,0,0,0,0
suffix,0.3333,6,0,0,0,1,0,0,0,0
bit,0.3333,3,0,0,0,0,0,0,0,0
créixer,0.2857,7,1,0,0,0,0,0,0,1
fill,0.25,4,0,0,0,0,0,0,0,1
que,0.6667,3,0,0,0,0,0,0,0,1
double,0.5,6,0,0,0,0,0,0,0,0
more,0.5,4,0,0,0,0,0,0,0,0
ciutat,0.5,6,0,0,0,0,0,0,0,1
make,0.5,4,0,0,0,0,0,0,0,0
idea,0.75,4,0,0,0,0,0,0,0,1
anat,0.5,4,0,0,0,0,0,0,0,1
truck,0.2,5,0,0,0,1,0,0,0,0
podia,0.6,5,0,0,0,0,0,0,0,1
energy,0.3333,6,0,0,0,0,0,0,0,0
campana,0.4286,7,0,0,0,0,0,0,0,1
sola,0.5,4,0,0,0,0,0,0,0,1
pla,0.3333,3,0,0,0,0,0,0,0,1
picture,0.4286,7,0,0,0,0,0,0,0,0
mes,0.3333,3,0,0,0,0,0,0,0,1
tiny,0.25,4,0,0,0,0,0,0,0,0
fort,0.25,4,0,0,0,0,0,0,0,1
encara,0.5,6,0,0,0,0,0,0,0,1
break,0.4,5,0,0,0,0,0,0,0,0
fa,0.5,2,0,0,0,0,0,0,0,1
wrong,0.2,5,0,0,0,1,0,0,0,0
success,0.2857,7,0,0,0,0,0,0,0,0
planta,0.3333,6,0,0,0,0,0,0,0,1
mass,0.25,4,0,0,0,0,0,0,0,0
count,0.4,5,0,0,0,0,0,0,0,0
nord,0.25,4,0,0,0,0,0,0,0,1
heavy,0.4,5,0,0,0,0,0,0,0,0
mil,0.3333,3,0,0,0,0,0,0,0,1
seed,0.5,4,0,0,1,0,0,0,1,0
rose,0.5,4,0,0,0,0,0,0,0,0
molts,0.2,5,0,0,0,0,0,0,0,1
back,0.25,4,0,0,0,1,0,0,0,0
gave,0.5,4,0,0,0,0,0,0,0,0
touch,0.4,5,0,0,0,1,0,0,0,0
island,0.3333,6,0,0,0,0,0,0,0,0
escala,0.5,6,0,0,0,0,0,0,0,1
separate,0.5,8,0,0,0,0,0,0,1,0
area,0.75,4,0,0,0,0,0,0,0,0
passat,0.3333,6,0,0,0,0,0,0,0,1
abric,0.4,5,0,0,0,0,0,0,0,1
paper,0.4,5,0,0,0,0,0,0,0,1
voice,0.6,5,0,0,0,0,0,0,0,0
gray,0.25,4,0,0,0,0,0,0,0,0
en,0.5,2,0,0,0,0,0,0,0,1
steel,0.4,5,0,0,1,0,0,0,0,0
me,0.5,2,0,0,0,0,0,0,0,0
song,0.25,4,0,0,0,0,0,0,0,0
edat,0.5,4,0,0,0,0,0,0,0,1
prima,0.4,5,0,0,0,0,0,0,0,1
comerç,0.3333,6,0,1,0,0,0,0,0,1
pes,0.3333,3,0,0,0,0,0,0,0,1
persobre,0.375,8,0,0,0,0,0,0,0,1
thank,0.2,5,0,0,0,1,0,0,0,0
quota,0.6,5,0,0,0,0,0,0,0,1
compare,0.4286,7,0,0,0,0,0,0,0,0
suportar,0.375,8,0,0,0,0,0,0,0,1
big,0.3333,3,0,0,0,0,0,0,0,0
them,0.25,4,0,0,0,1,0,0,0,0
arrel,0.4,5,0,0,0,0,0,0,0,1
share,0.4,5,0,0,0,1,0,0,0,0
rich,0.25,4,0,0,0,1,0,0,0,0
més,0.0,3,1,0,0,0,0,0,0,1
agut,0.5,4,0,0,0,0,0,0,0,1
pretty,0.1667,6,0,0,0,1,0,0,0,0
fast,0.25,4,0,0,0,0,0,0,1,0
sorra,0.4,5,0,0,0,0,0,0,0,1
engine,0.5,6,0,0,0,0,0,0,0,0
millor,0.3333,6,0,0,0,0,0,0,0,1
sota,0.5,4,0,0,0,0,0,0,0,1
mateixa,0.5714,7,0,0,0,0,0,0,0,1
bé,0.0,2,1,0,0,0,0,0,0,1
stood,0.4,5,0,0,1,0,0,0,0,0
populate,0.5,8,0,0,0,0,0,0,1,0
calenta,0.4286,7,0,0,0,0,0,0,0,1
nas,0.3333,3,0,0,0,0,0,0,0,1
família,0.4286,7,1,0,0,0,0,0,0,1
definitiva,0.5,10,0,0,0,0,0,0,0,1
foc,0.3333,3,0,0,0,0,0,0,0,1
remember,0.375,8,0,0,0,0,0,0,0,0
want,0.25,4,0,0,0,0,0,0,0,0
ni,0.5,2,0,0,0,0,0,0,0,1
primerenca,0.4,10,0,0,0,0,0,0,0,1
exercise,0.5,8,0,0,0,0,0,0,1,0
saber,0.4,5,0,0,0,0,0,0,0,1
think,0.2,5,0,0,0,1,0,0,0,0
tot,0.3333,3,0,0,0,0,0,0,0,1
fresh,0.2,5,0,0,0,1,0,0,0,0
muntanya,0.375,8,0,0,0,0,0,0,0,1
lift,0.25,4,0,0,0,0,0,0,0,0
cat,0.3333,3,0,0,0,0,0,0,0,1
half,0.25,4,0,0,0,0,0,0,0,0
perdut,0.3333,6,0,0,0,0,0,0,0,1
wonder,0.3333,6,0,0,0,0,0,0,0,0
apareixerà,0.5,10,1,0,0,0,0,0,0,1
once,0.5,4,0,0,0,0,0,0,0,0
tipus,0.4,5,0,0,0,0,0,0,0,1
melody,0.3333,6,0,0,0,0,0,0,0,0
develop,0.4286,7,0,0,0,0,0,0,0,0
behind,0.3333,6,0,0,0,0,0,0,0,0
he,0.5,2,0,0,0,0,0,0,0,0
with,0.25,4,0,0,0,1,0,0,0,0
banda,0.4,5,0,0,0,0,0,0,0,1
pati,0.5,4,0,0,0,0,0,0,0,1
had,0.3333,3,0,0,0,0,0,0,0,0
capturat,0.375,8,0,0,0,0,0,0,0,1
camí,0.25,4,1,0,0,0,0,0,0,1
germà,0.2,5,1,0,0,0,0,0,0,1
it,0.5,2,0,0,0,0,0,0,0,0
intèrpret,0.2222,9,1,0,0,0,0,0,0,1
seure,0.6,5,0,0,0,0,0,0,0,1
mort,0.25,4,0,0,0,0,0,0,0,1
warm,0.25,4,0,0,0,0,0,0,0,0
depend,0.3333,6,0,0,0,0,0,0,0,0
wife,0.5,4,0,0,0,0,0,0,0,0
plural,0.3333,6,0,0,0,0,0,0,0,1
happen,0.3333,6,0,0,0,1,0,0,0,0
dir,0.3333,3,0,0,0,0,0,0,0,1
vendre,0.3333,6,0,0,0,0,0,0,0,1
save,0.5,4,0,0,0,0,0,0,0,0
plane,0.4,5,0,0,0,0,0,0,0,0
viatges,0.4286,7,0,0,0,0,0,0,0,1
piece,0.6,5,0,0,0,0,0,0,0,0
guide,0.6,5,0,0,0,0,0,0,1,0
kept,0.25,4,0,0,0,0,0,0,0,0
three,0.4,5,0,0,1,1,0,0,0,0
list,0.25,4,0,0,0,0,0,0,1,0
terra,0.4,5,0,0,0,0,0,0,0,1
peça,0.5,4,0,1,0,0,0,0,0,1
girl,0.25,4,0,0,0,0,0,0,0,0
spell,0.2,5,0,0,0,0,0,0,0,0
només,0.2,5,1,0,0,0,0,0,0,1
còlera,0.3333,6,1,0,0,0,0,0,0,1
third,0.2,5,0,0,0,1,0,0,0,0
simple,0.3333,6,0,0,0,0,0,0,0,0
salvatge,0.375,8,0,0,0,0,0,0,0,1
print,0.2,5,0,0,0,0,0,0,0,1
recollir,0.375,8,0,0,0,0,0,0,0,1
groc,0.25,4,0,0,0,0,0,0,0,1
stick,0.2,5,0,0,0,1,0,0,0,0
vermell,0.2857,7,0,0,0,0,0,0,0,1
dance,0.4,5,0,0,0,0,0,0,0,0
electric,0.375,8,0,0,0,0,0,0,0,0
does,0.5,4,0,0,0,0,0,0,0,0
hurry,0.2,5,0,0,0,0,0,0,0,0
actual,0.5,6,0,0,0,0,0,0,0,1
créixer,0.2857,7,1,0,0,0,0,0,0,1
system,0.1667,6,0,0,0,0,0,0,0,0
rub,0.3333,3,0,0,0,0,0,0,0,0
així,0.5,4,1,0,0,0,0,0,0,1
espectacle,0.4,10,0,0,0,0,0,0,0,1
alta,0.5,4,0,0,0,0,0,0,0,1
somriure,0.5,8,0,0,0,0,0,0,0,1
us,0.5,2,0,0,0,0,0,0,0,0
ago,0.6667,3,0,0,0,0,0,0,0,0
ara,0.6667,3,0,0,0,0,0,0,0,1
tercer,0.3333,6,0,0,0,0,0,0,0,1
ran,0.3333,3,0,0,0,0,0,0,0,0
silent,0.3333,6,0,0,0,0,0,0,0,0
contenir,0.375,8,0,0,0,0,0,0,0,1
sure,0.5,4,0,0,0,0,0,0,0,0
fred,0.25,4,0,0,0,0,0,0,1,1
través,0.1667,6,1,0,0,0,0,0,0,1
key,0.3333,3,0,0,0,0,0,0,0,0
done,0.5,4,0,0,0,0,0,0,0,0
animal,0.5,6,0,0,0,0,0,0,0,0
anomenada,0.5556,9,0,0,0,0,0,0,0,1
town,0.25,4,0,0,0,0,0,0,0,0
boca,0.5,4,0,0,0,0,0,0,0,1
ask,0.3333,3,0,0,0,1,0,0,0,0
young,0.4,5,0,0,0,0,0,0,0,0
river,0.4,5,0,0,0,0,0,0,0,0
calor,0.4,5,0,0,0,0,0,0,0,1
pa,0.5,2,0,0,0,0,0,0,0,1
fi,0.5,2,0,0,0,0,0,0,0,1
sol,0.3333,3,0,0,0,0,0,0,0,1
magnet,0.3333,6,0,0,0,0,0,0,0,0
escriure,0.5,8,0,0,0,1,0,0,0,1
endavant,0.375,8,0,0,0,0,0,0,0,1
again,0.6,5,0,0,0,0,0,0,0,0
record,0.3333,6,0,0,0,0,0,0,0,0
store,0.4,5,0,0,0,0,0,0,0,0
else,0.5,4,0,0,0,0,0,0,0,0
pass,0.25,4,0,0,0,0,0,0,0,0
roca,0.5,4,0,0,0,0,0,0,0,1
indicate,0.5,8,0,0,0,0,0,0,1,0
guiar,0.6,5,0,0,0,0,0,0,0,1
experience,0.5,10,0,0,0,0,0,0,0,0
part,0.25,4,0,0,0,0,0,0,0,0
barret,0.3333,6,0,0,0,0,0,0,0,1
log,0.3333,3,0,0,0,0,0,0,0,0
entrar,0.3333,6,0,0,0,0,0,0,0,1
way,0.3333,3,0,0,0,0,0,0,0,0
create,0.5,6,0,0,0,0,0,0,1,0
general,0.4286,7,0,0,0,0,0,0,0,0
sembla,0.3333,6,0,0,0,0,0,0,0,1
reason,0.5,6,0,0,0,0,0,0,0,0
lenta,0.4,5,0,0,0,0,0,0,0,1
lluita,0.5,6,0,0,0,0,0,0,0,1
people,0.5,6,0,0,0,0,0,0,0,0
head,0.5,4,0,0,0,0,0,0,0,0
cas,0.3333,3,0,0,0,0,0,0,0,1
smell,0.2,5,0,0,0,1,0,0,0,0
llac,0.25,4,0,0,0,0,0,0,0,1
vestit,0.3333,6,0,0,0,0,0,0,0,1
box,0.3333,3,0,0,0,0,0,0,0,0
uncop,0.4,5,0,0,0,0,0,0,0,1
llum,0.25,4,0,0,0,0,0,0,0,1
cobrar,0.3333,6,0,0,0,0,0,0,0,1
mile,0.5,4,0,0,0,0,0,0,0,0
stead,0.4,5,0,0,0,0,0,0,0,0
few,0.3333,3,0,0,0,0,0,0,0,0
fluir,0.4,5,0,0,0,0,0,0,0,1
difícil,0.2857,7,1,0,0,0,0,0,0,1
build,0.4,5,0,0,0,0,0,0,0,0
mean,0.5,4,0,0,0,0,0,0,0,0
nota,0.5,4,0,0,0,0,0,0,0,1
persona,0.4286,7,0,0,0,0,0,0,0,1
to,0.5,2,0,0,0,0,0,0,0,0
bosc,0.25,4,0,0,0,0,0,0,0,1
travel,0.3333,6,0,0,0,0,0,0,0,0
tocar,0.4,5,0,0,0,0,0,0,0,1
rotllo,0.3333,6,0,0,0,0,0,0,0,1
oficina,0.5714,7,0,0,0,0,0,0,0,1
bell,0.25,4,0,0,0,0,0,0,0,0
knew,0.25,4,0,0,0,1,0,0,0,0
house,0.6,5,0,0,0,0,0,0,0,0
perhaps,0.2857,7,0,0,0,0,0,0,0,0
buy,0.3333,3,0,0,0,0,0,0,0,0
vocal,0.4,5,0,0,0,0,0,0,0,1
dream,0.4,5,0,0,0,0,0,0,0,0
però,0.25,4,1,0,0,0,0,0,0,1
condition,0.4444,9,0,0,0,0,0,0,0,0
band,0.25,4,0,0,0,0,0,0,0,0
plural,0.3333,6,0,0,0,0,0,0,0,0
range,0.4,5,0,0,0,0,0,0,0,0
altura,0.5,6,0,0,0,0,0,0,0,1
broke,0.4,5,0,0,0,0,0,0,0,0
deal,0.5,4,0,0,0,0,0,0,0,0
a,1.0,1,0,0,0,0,0,0,0,0
alleujar,0.5,8,0,0,0,0,0,0,0,1
fresc,0.2,5,0,0,0,0,0,0,0,1
present,0.2857,7,0,0,0,0,0,0,0,0
líquid,0.3333,6,1,0,0,0,0,0,0,1
bar,0.3333,3,0,0,0,0,0,0,0,0
chief,0.4,5,0,0,0,1,0,0,0,0
mark,0.25,4,0,0,0,0,0,0,0,0
roll,0.25,4,0,0,0,0,0,0,0,0
boy,0.3333,3,0,0,0,0,0,0,0,0
string,0.1667,6,0,0,0,0,0,0,1,1
push,0.25,4,0,0,0,1,0,0,0,0
complet,0.2857,7,0,0,0,0,0,0,0,1
raise,0.6,5,0,0,0,0,0,0,1,0
tot,0.3333,3,0,0,0,0,0,0,0,1
product,0.2857,7,0,0,0,0,0,0,0,0
hores,0.4,5,0,0,0,0,0,1,0,1
particular,0.4,10,0,0,0,0,0,0,0,0
en,0.5,2,0,0,0,0,0,0,0,1
work,0.25,4,0,0,0,0,0,0,0,0
single,0.3333,6,0,0,0,0,0,0,0,0
o,1.0,1,0,0,0,0,0,0,0,1
parell,0.3333,6,0,0,0,0,0,0,0,1
sud,0.3333,3,0,0,0,0,0,0,0,1
settle,0.3333,6,0,0,0,1,0,0,0,0
espere,0.5,6,0,0,0,0,0,0,0,1
requerir,0.5,8,0,0,0,0,0,0,0,1
ajudar,0.5,6,0,0,0,0,0,0,0,1
sheet,0.4,5,0,0,1,1,0,0,0,0
pattern,0.2857,7,0,0,0,1,0,0,0,0
desitjos,0.375,8,0,0,0,0,0,0,0,1
sentir,0.3333,6,0,0,0,0,0,0,0,1
bright,0.1667,6,0,0,0,1,0,1,0,0
des,0.3333,3,0,0,0,0,0,0,0,1
veí,0.3333,3,1,0,0,0,0,0,0,1
guerra,0.5,6,0,0,0,0,0,0,0,1
línia,0.4,5,1,0,0,0,0,0,0,1
sound,0.4,5,0,0,0,0,0,0,0,0
comprovar,0.3333,9,0,0,0,0,0,0,0,1
ronda,0.4,5,0,0,0,0,0,0,0,1
succeir,0.4286,7,0,0,0,0,0,0,0,1
cent,0.25,4,0,0,0,0,0,0,0,1
omplir,0.3333,6,0,0,0,0,0,0,0,1
reclamació,0.4,10,1,0,0,0,0,0,0,1
man,0.3333,3,0,0,0,0,0,0,0,0
like,0.5,4,0,0,0,0,0,0,0,0
just,0.25,4,0,0,0,0,0,0,1,0
rope,0.5,4,0,0,0,0,0,0,0,0
veualta,0.5714,7,0,0,0,0,0,0,0,1
such,0.25,4,0,0,0,1,0,0,0,0
table,0.4,5,0,0,0,0,0,0,0,0
during,0.3333,6,0,0,0,0,0,0,1,0
gold,0.25,4,0,0,0,0,0,0,0,0
self,0.25,4,0,0,0,0,0,0,0,0
match,0.2,5,0,0,0,1,0,0,0,0
cry,0.0,3,0,0,0,0,0,0,0,0
comprar,0.2857,7,0,0,0,0,0,0,0,1
inch,0.25,4,0,0,0,1,0,0,0,0
roda,0.5,4,0,0,0,0,0,0,0,1
reply,0.2,5,0,0,0,0,0,0,0,0
cook,0.5,4,0,0,1,0,0,0,0,0
sat,0.3333,3,0,0,0,0,0,0,0,0
significarà,0.3636,11,1,0,0,0,0,0,0,1
act,0.3333,3,0,0,0,0,0,0,0,0
imaginar,0.5,8,0,0,0,0,0,0,0,1
among,0.4,5,0,0,0,0,0,0,0,0
rain,0.5,4,0,0,0,0,0,0,0,0
dona,0.5,4,0,0,0,0,0,0,0,1
aconseguit,0.5,10,0,0,0,0,0,0,0,1
wind,0.25,4,0,0,0,0,0,0,0,0
nosaltres,0.3333,9,0,0,0,0,0,0,0,1
bar,0.3333,3,0,0,0,0,0,0,0,1
over,0.5,4,0,0,0,0,0,0,0,0
fight,0.2,5,0,0,0,1,0,1,0,0
nivell,0.3333,6,0,0,0,0,0,0,0,1
davant,0.3333,6,0,0,0,0,0,0,0,1
ala,0.6667,3,0,0,0,0,0,0,0,1
dur,0.3333,3,0,0,0,0,0,0,0,1
fair,0.5,4,0,0,0,0,0,1,0,0
danger,0.3333,6,0,0,0,0,0,0,0,0
rail,0.5,4,0,0,0,0,0,0,0,0
anell,0.4,5,0,0,0,0,0,0,0,1
pla,0.3333,3,0,0,0,0,0,0,0,1
probable,0.375,8,0,0,0,0,0,0,0,0
vostè,0.2,5,1,0,0,0,0,0,0,1
nothing,0.2857,7,0,0,0,1,0,0,1,0
tube,0.5,4,0,0,0,0,0,0,0,0
surface,0.4286,7,0,0,0,0,0,0,0,0
middle,0.3333,6,0,0,0,1,0,0,0,0
protect,0.2857,7,0,0,0,0,0,0,0,0
segon,0.4,5,0,0,0,0,0,0,0,1
recollir,0.375,8,0,0,0,0,0,0,0,1
offer,0.4,5,0,0,0,1,0,0,0,0
desenvolupar,0.4167,12,0,0,0,0,0,0,0,1
entre,0.4,5,0,0,0,0,0,0,0,1
basic,0.4,5,0,0,0,0,0,0,0,0
massa,0.4,5,0,0,0,0,0,0,0,1
slip,0.25,4,0,0,0,0,0,0,1,0
fins,0.25,4,0,0,0,0,0,0,0,1
cert,0.25,4,0,0,0,0,0,0,0,1
green,0.4,5,0,0,1,0,0,0,0,0
mind,0.25,4,0,0,0,0,0,0,0,0
son,0.3333,3,0,0,0,0,0,0,0,0
after,0.4,5,0,0,0,0,0,0,0,0
ràdio,0.4,5,1,0,0,0,0,0,0,1
said,0.5,4,0,0,0,0,0,0,0,0
tenir,0.4,5,0,0,0,0,0,0,0,1
old,0.3333,3,0,0,0,0,0,0,0,0
bàsica,0.3333,6,1,0,0,0,0,0,0,1
master,0.3333,6,0,0,0,0,0,0,0,0
possible,0.375,8,0,0,0,0,0,0,0,1
tool,0.5,4,0,0,1,0,0,0,0,0
square,0.5,6,0,0,0,1,0,0,0,0
all,0.3333,3,0,0,0,0,0,0,0,0
shell,0.2,5,0,0,0,1,0,0,0,0
pot,0.3333,3,0,0,0,0,0,0,0,1
week,0.5,4,0,0,1,0,0,0,0,0
primavera,0.4444,9,0,0,0,0,0,0,0,1
condició,0.375,8,1,0,0,0,0,0,0,1
estat,0.4,5,0,0,0,0,0,0,0,1
tall,0.25,4,0,0,0,0,0,0,0,1
spring,0.1667,6,0,0,0,1,0,0,1,0
ús,0.0,2,1,0,0,0,0,0,0,1
beauty,0.5,6,0,0,0,0,1,0,0,0
map,0.3333,3,0,0,0,0,0,0,0,0
filferro,0.375,8,0,0,0,0,0,0,0,1
cost,0.25,4,0,0,0,0,0,0,1,1
instrument,0.3,10,0,0,0,0,0,0,0,0
surprise,0.375,8,0,0,0,0,0,0,1,0
found,0.4,5,0,0,0,0,0,0,0,0
raó,0.3333,3,1,0,0,0,0,0,0,1
còlera,0.3333,6,1,0,0,0,0,0,0,1
silenci,0.4286,7,0,0,0,0,0,0,0,1
base,0.5,4,0,0,0,0,0,0,0,0
thought,0.2857,7,0,0,0,1,0,1,0,0
prop,0.25,4,0,0,0,0,0,0,0,1
step,0.25,4,0,0,0,0,0,0,0,0
viure,0.6,5,0,0,0,0,0,0,0,1
corner,0.3333,6,0,0,0,0,0,0,0,0
temperature,0.4545,11,0,0,0,0,0,0,0,0
teach,0.4,5,0,0,0,1,0,0,0,0
poma,0.5,4,0,0,0,0,0,0,0,1
white,0.4,5,0,0,0,1,0,0,0,0
carn,0.25,4,0,0,0,0,0,0,0,1
chord,0.2,5,0,0,0,1,0,0,0,0
south,0.4,5,0,0,0,1,0,0,0,0
section,0.4286,7,0,0,0,0,0,0,0,0
arrange,0.4286,7,0,0,0,0,0,0,0,0
nosaltres,0.3333,9,0,0,0,0,0,0,0,1
nine,0.5,4,0,0,0,0,0,0,0,0
superior,0.5,8,0,0,0,0,0,0,0,1
començar,0.375,8,0,1,0,0,0,0,0,1
clear,0.4,5,0,0,0,0,0,0,0,0
round,0.4,5,0,0,0,0,0,0,0,0
provide,0.4286,7,0,0,0,0,0,0,1,0
those,0.4,5,0,0,0,1,0,0,0,0
taula,0.6,5,0,0,0,0,0,0,0,1
yellow,0.3333,6,0,0,0,0,0,0,0,0
camí,0.25,4,1,0,0,0,0,0,0,1
llista,0.3333,6,0,0,0,0,0,0,0,1
trip,0.25,4,0,0,0,0,0,0,1,0
fer,0.3333,3,0,0,0,0,0,0,0,1
pare,0.5,4,0,0,0,0,0,0,0,1
caràcter,0.25,8,1,0,0,0,0,0,0,1
death,0.4,5,0,0,0,1,0,0,0,0
bloc,0.25,4,0,0,0,0,0,0,0,1
decimal,0.4286,7,0,0,0,0,0,0,0,0
entre,0.4,5,0,0,0,0,0,0,0,1
kill,0.25,4,0,0,0,0,0,0,0,0
term,0.25,4,0,0,0,0,0,0,0,0
darrere,0.4286,7,0,0,0,0,0,0,0,1
mantenir,0.375,8,0,0,0,0,0,0,0,1
use,0.6667,3,0,0,0,0,0,0,0,0
rule,0.5,4,0,0,0,0,0,0,0,0
acord,0.4,5,0,0,0,0,0,0,0,1
originals,0.4444,9,0,0,0,0,0,0,0,1
quick,0.4,5,0,0,0,1,0,0,0,0
oportunitat,0.4545,11,0,0,0,0,0,0,0,1
somiar,0.5,6,0,0,0,0,0,0,0,1
crowd,0.2,5,0,0,0,0,0,0,0,0
root,0.5,4,0,0,1,0,0,0,0,0
join,0.5,4,0,0,0,0,0,0,0,0
children,0.25,8,0,0,0,1,0,0,0,0
exacta,0.5,6,0,0,0,0,0,0,0,1
observar,0.375,8,0,0,0,0,0,0,0,1
still,0.2,5,0,0,0,0,0,0,0,0
neta,0.5,4,0,0,0,0,0,0,0,1
food,0.5,4,0,0,1,0,0,0,0,0
pensar,0.3333,6,0,0,0,0,0,0,0,1
hit,0.3333,3,0,0,0,0,0,0,0,0
equiparar,0.5556,9,0,0,0,0,0,0,0,1
lay,0.3333,3,0,0,0,0,0,0,0,0
posar,0.4,5,0,0,0,0,0,0,0,1
llegir,0.3333,6,0,0,0,0,0,0,0,1
força,0.4,5,0,1,0,0,0,0,0,1
sobtada,0.4286,7,0,0,0,0,0,0,0,1
oceà,0.5,4,1,0,0,0,0,0,0,1
moment,0.3333,6,0,0,0,0,0,0,0,1
skin,0.25,4,0,0,0,1,0,0,0,0
hard,0.25,4,0,0,0,0,0,0,0,0
comptar,0.2857,7,0,0,0,0,0,0,0,1
protegir,0.375,8,0,0,0,0,0,0,0,1
producte,0.375,8,0,0,0,0,0,0,0,1
sail,0.5,4,0,0,0,0,0,0,0,0
drink,0.2,5,0,0,0,0,0,0,0,0
llavors,0.2857,7,0,0,0,0,0,0,0,1
view,0.5,4,0,0,0,0,0,0,0,0
gruix,0.4,5,0,0,0,0,0,0,0,1
multitud,0.375,8,0,0,0,0,0,0,0,1
ciutat,0.5,6,0,0,0,0,0,0,0,1
rest,0.25,4,0,0,0,0,0,0,1,0
yet,0.3333,3,0,0,0,0,0,0,0,0
character,0.3333,9,0,0,0,1,0,0,0,0
problemes,0.3333,9,0,0,0,0,0,0,0,1
frase,0.4,5,0,0,0,0,0,0,0,1
tub,0.3333,3,0,0,0,0,0,0,0,1
might,0.2,5,0,0,0,1,0,1,0,0
longitud,0.375,8,0,0,0,0,0,0,0,1
victòria,0.375,8,1,0,0,0,0,0,0,1
distant,0.2857,7,0,0,0,0,0,0,0,1
or,0.5,2,0,0,0,0,0,0,0,0
foto,0.5,4,0,0,0,0,0,0,0,1
caure,0.6,5,0,0,0,0,0,0,0,1
fosc,0.25,4,0,0,0,0,0,0,0,1
lloc,0.25,4,0,0,0,0,0,0,0,1
village,0.4286,7,0,0,0,0,0,0,0,0
discutir,0.375,8,0,0,0,0,0,0,0,1
burn,0.25,4,0,0,0,0,0,0,0,0
weight,0.3333,6,0,0,0,1,0,1,0,0
escola,0.5,6,0,0,0,0,0,0,0,1
hill,0.25,4,0,0,0,0,0,0,0,0
star,0.25,4,0,0,0,0,0,0,0,0
bottom,0.3333,6,0,0,0,1,0,0,0,0
please,0.5,6,0,0,0,0,0,0,0,0
migdia,0.5,6,0,0,0,0,0,0,0,1
enviar,0.5,6,0,0,0,0,0,0,0,1
job,0.3333,3,0,0,0,0,0,0,0,0
cua,0.6667,3,0,0,0,0,0,0,0,1
pitch,0.2,5,0,0,0,1,0,0,0,0
learn,0.4,5,0,0,0,0,0,1,0,0
2:00,0.0,4,0,0,0,0,0,0,0,1
hold,0.25,4,0,0,0,0,0,0,0,0
quocient,0.5,8,0,0,0,0,0,0,0,1
espatlla,0.375,8,0,0,0,0,0,0,0,1
fire,0.5,4,0,0,0,0,0,0,0,0
milk,0.25,4,0,0,0,0,0,0,0,0
direct,0.3333,6,0,0,0,0,0,0,0,0
nation,0.5,6,0,0,0,0,0,0,0,0
see,0.6667,3,0,0,1,0,0,0,0,0
blow,0.25,4,0,0,0,0,0,0,0,0
verb,0.25,4,0,0,0,0,0,0,0,1
event,0.4,5,0,0,0,0,0,0,0,0
quedar,0.5,6,0,0,0,0,0,0,0,1
negre,0.4,5,0,0,0,0,0,0,0,1
demà,0.25,4,1,0,0,0,0,0,0,1
sudden,0.3333,6,0,0,0,1,0,0,0,0
molècula,0.375,8,1,0,0,0,0,0,0,1
done,0.5,4,0,0,0,0,0,0,0,1
tals,0.25,4,0,0,0,0,0,0,0,1
plaça,0.4,5,0,1,0,0,0,0,0,1
moderna,0.4286,7,0,0,0,0,0,0,0,1
sucre,0.4,5,0,0,0,0,0,0,0,1
passar,0.3333,6,0,0,0,0,0,0,0,1
one,0.6667,3,0,0,0,0,0,0,0,0
brown,0.2,5,0,0,0,0,0,0,0,0
dad,0.3333,3,0,0,0,0,0,0,0,0
face,0.5,4,0,0,0,0,0,0,0,0
next,0.25,4,0,0,0,0,0,0,0,0
an,0.5,2,0,0,0,0,0,0,0,0
serve,0.4,5,0,0,0,0,0,0,0,0
ensenyar,0.375,8,0,0,0,0,0,0,0,1
paragraph,0.3333,9,0,0,0,1,0,0,0,0
fa,0.5,2,0,0,0,0,0,0,0,1
dit,0.3333,3,0,0,0,0,0,0,0,1
fill,0.25,4,0,0,0,0,0,0,0,0
tall,0.25,4,0,0,0,0,0,0,0,0
him,0.3333,3,0,0,0,0,0,0,0,0
woman,0.4,5,0,0,0,0,0,0,0,0
content,0.2857,7,0,0,0,0,0,0,0,1
rather,0.3333,6,0,0,0,1,0,0,0,0
caminar,0.4286,7,0,0,0,0,0,0,0,1
solitari,0.5,8,0,0,0,0,0,0,0,1
marca,0.4,5,0,0,0,0,0,0,0,1
nombre,0.3333,6,0,0,0,0,0,0,0,1
onada,0.6,5,0,0,0,0,0,0,0,1
base,0.5,4,0,0,0,0,0,0,0,1
moment,0.3333,6,0,0,0,0,0,0,0,0
look,0.5,4,0,0,1,0,0,0,0,0
establir,0.375,8,0,0,0,0,0,0,0,1
cura,0.5,4,0,0,0,0,0,0,0,1
place,0.4,5,0,0,0,0,0,0,0,0
wash,0.25,4,0,0,0,1,0,0,0,0
pèl,0.0,3,1,0,0,0,0,0,0,1
especially,0.4,10,0,0,0,0,0,0,0,0
calenta,0.4286,7,0,0,0,0,0,0,0,1
joc,0.3333,3,0,0,0,0,0,0,0,1
perill,0.3333,6,0,0,0,0,0,0,0,1
resultat,0.375,8,0,0,0,0,0,0,0,1
xerrada,0.4286,7,0,0,0,0,0,0,0,1
mouth,0.4,5,0,0,0,1,0,0,0,0
locate,0.5,6,0,0,0,0,0,0,1,0
estiu,0.6,5,0,0,0,0,0,0,0,1
paràgraf,0.25,8,1,0,0,0,0,0,0,1
terra,0.4,5,0,0,0,0,0,0,0,1
wear,0.5,4,0,0,0,0,0,0,0,0
heard,0.4,5,0,0,0,0,0,1,0,0
claim,0.4,5,0,0,0,0,0,0,0,0
incloure,0.5,8,0,0,0,0,0,1,0,1
vestir,0.3333,6,0,0,0,0,0,0,0,1
treball,0.2857,7,0,0,0,0,0,0,0,1
simple,0.3333,6,0,0,0,0,0,0,0,1
premsa,0.3333,6,0,0,0,0,0,0,0,1
part,0.25,4,0,0,0,0,0,0,0,1
late,0.5,4,0,0,0,0,0,0,1,0
west,0.25,4,0,0,0,0,0,0,1,0
important,0.3333,9,0,0,0,0,0,0,0,1
permetre,0.375,8,0,0,0,0,0,0,0,1
hope,0.5,4,0,0,0,0,0,0,0,0
example,0.4286,7,0,0,0,0,0,0,0,0
pocs,0.25,4,0,0,0,0,0,0,0,1
correcta,0.375,8,0,0,0,0,0,0,0,1
sobre,0.4,5,0,0,0,0,0,0,0,1
similar,0.4286,7,0,0,0,0,0,0,0,0
region,0.5,6,0,0,0,0,0,0,0,0
got,0.3333,3,0,0,0,0,0,0,0,0
line,0.5,4,0,0,0,0,0,0,0,0
phrase,0.3333,6,0,0,0,1,0,0,0,0
any,0.3333,3,0,0,0,0,0,0,0,0
shoe,0.5,4,0,0,0,1,0,0,0,0
top,0.3333,3,0,0,0,0,0,0,0,0
but,0.3333,3,0,0,0,0,0,0,0,0
skill,0.2,5,0,0,0,1,0,0,0,0
then,0.25,4,0,0,0,1,0,0,0,0
same,0.5,4,0,0,0,0,0,0,0,0
pare,0.5,4,0,0,0,0,0,0,0,1
period,0.5,6,0,0,0,0,0,0,0,0
buscar,0.3333,6,0,0,0,0,0,0,0,1
spend,0.2,5,0,0,0,0,0,0,0,0
at,0.5,2,0,0,0,0,0,0,0,0
illa,0.5,4,0,0,0,0,0,0,0,1
començar,0.375,8,0,1,0,0,0,0,0,1
llet,0.25,4,0,0,0,0,0,0,0,1
quotient,0.5,8,0,0,0,0,0,0,0,0
their,0.4,5,0,0,0,1,0,0,0,0
talk,0.25,4,0,0,0,0,0,0,0,0
oest,0.5,4,0,0,0,0,0,0,1,1
empat,0.4,5,0,0,0,0,0,0,0,1
sang,0.25,4,0,0,0,0,0,0,0,1
boat,0.5,4,0,0,0,0,0,0,0,0
figa,0.5,4,0,0,0,0,0,0,0,1
directa,0.4286,7,0,0,0,0,0,0,0,1
noon,0.5,4,0,0,1,0,0,0,0,0
ten,0.3333,3,0,0,0,0,0,0,0,0
great,0.4,5,0,0,0,0,0,0,0,0
pensat,0.3333,6,0,0,0,0,0,0,0,1
gas,0.3333,3,0,0,0,0,0,0,0,0
acte,0.5,4,0,0,0,0,0,0,0,1
stay,0.25,4,0,0,0,0,0,0,0,0
vary,0.25,4,0,0,0,0,0,0,0,0
run,0.3333,3,0,0,0,0,0,0,0,1
aprendre,0.375,8,0,0,0,0,0,0,0,1
forat,0.4,5,0,0,0,0,0,0,0,1
rica,0.5,4,0,0,0,0,0,0,0,1
oberta,0.5,6,0,0,0,0,0,0,0,1
day,0.3333,3,0,0,0,0,0,0,0,0
jove,0.5,4,0,0,0,0,0,0,0,1
cop,0.3333,3,0,0,0,0,0,0,0,1
variar,0.5,6,0,0,0,0,0,0,0,1
rebre,0.4,5,0,0,0,0,0,0,0,1
blatdemoro,0.4,10,0,0,0,0,0,0,0,1
canvi,0.4,5,0,0,0,0,0,0,0,1
ull,0.3333,3,0,0,0,0,0,0,0,1
wall,0.25,4,0,0,0,0,0,0,0,0
discuss,0.2857,7,0,0,0,0,0,0,0,0
aliments,0.375,8,0,0,0,0,0,0,0,1
keep,0.5,4,0,0,1,0,0,0,0,0
symbol,0.1667,6,0,0,0,0,0,0,0,0
noia,0.75,4,0,0,0,0,0,0,0,1
observe,0.4286,7,0,0,0,0,0,0,0,0
arma,0.5,4,0,0,0,0,0,0,0,1
lloc,0.25,4,0,0,0,0,0,0,0,1
numeral,0.4286,7,0,0,0,0,0,0,0,0
drop,0.25,4,0,0,0,0,0,0,0,0
greix,0.4,5,0,0,0,0,0,0,0,1
steam,0.4,5,0,0,0,0,0,0,0,0
carta,0.4,5,0,0,0,0,0,0,0,1
shore,0.4,5,0,0,0,1,0,0,0,0
propi,0.4,5,0,0,0,0,0,0,0,1
mitjà,0.2,5,1,0,0,0,0,0,0,1
vent,0.25,4,0,0,0,0,0,0,0,1
near,0.5,4,0,0,0,0,0,0,0,0
materials,0.4444,9,0,0,0,0,0,0,0,1
excepte,0.4286,7,0,0,0,0,0,0,0,1
mix,0.3333,3,0,0,0,0,0,0,0,0
hair,0.5,4,0,0,0,0,0,1,0,0
meat,0.5,4,0,0,0,0,0,0,0,0
soil,0.5,4,0,0,0,0,0,0,0,0
cap,0.3333,3,0,0,0,0,0,0,0,1
felt,0.25,4,0,0,0,0,0,0,0,0
altres,0.3333,6,0,0,0,0,0,0,0,1
interès,0.2857,7,1,0,0,0,0,0,0,1
spot,0.25,4,0,0,0,0,0,0,0,0
log,0.3333,3,0,0,0,0,0,0,0,1
seva,0.5,4,0,0,0,0,0,0,0,1
temporada,0.4444,9,0,0,0,0,0,0,0,1
ciència,0.4286,7,1,0,0,0,0,0,0,1
land,0.25,4,0,0,0,0,0,0,0,0
begin,0.4,5,0,0,0,0,0,0,0,0
d’,0.0,2,0,0,0,0,0,0,0,1
fusta,0.4,5,0,0,0,0,0,0,0,1
by,0.0,2,0,0,0,0,0,0,0,0
score,0.4,5,0,0,0,0,0,0,0,0
result,0.3333,6,0,0,0,0,0,0,0,0
snow,0.25,4,0,0,0,0,0,0,0,0
center,0.3333,6,0,0,0,0,0,0,0,0
sufix,0.4,5,0,0,0,0,0,0,0,1
beguda,0.5,6,0,0,0,0,0,0,0,1
lead,0.5,4,0,0,0,0,0,0,0,0
radio,0.6,5,0,0,0,0,0,0,0,0
chart,0.2,5,0,0,0,1,0,0,0,0
go,0.5,2,0,0,0,0,0,0,0,0
nou,0.6667,3,0,0,0,0,0,0,0,1
continent,0.3333,9,0,0,0,0,0,0,0,0
menjar,0.3333,6,0,0,0,0,0,0,0,1
heat,0.5,4,0,0,0,0,0,0,0,0
held,0.25,4,0,0,0,0,0,0,0,1
aquest,0.5,6,0,0,0,0,0,0,1,1
minuts,0.3333,6,0,0,0,0,0,0,0,1
mapa,0.5,4,0,0,0,0,0,0,0,1
esclau,0.5,6,0,0,0,0,0,0,0,1
demostrar,0.3333,9,0,0,0,0,0,0,0,1
leg,0.3333,3,0,0,0,0,0,0,0,0
dry,0.0,3,0,0,0,0,0,0,0,0
born,0.25,4,0,0,0,0,0,0,0,0
law,0.3333,3,0,0,0,0,0,0,0,0
preguntar,0.3333,9,0,0,0,0,0,0,0,1
port,0.25,4,0,0,0,0,0,0,0,0
is,0.5,2,0,0,0,0,0,0,0,0
egg,0.3333,3,0,0,0,1,0,0,0,0
oxigen,0.5,6,0,0,0,0,0,0,0,1
fi,0.5,2,0,0,0,0,0,0,0,1
saltar,0.3333,6,0,0,0,0,0,0,0,1
botiga,0.5,6,0,0,0,0,0,0,0,1
restar,0.3333,6,0,0,0,0,0,0,0,1
let,0.3333,3,0,0,0,0,0,0,0,0
rei,0.6667,3,0,0,0,0,0,0,0,1
gran,0.25,4,0,0,0,0,0,0,0,1
street,0.3333,6,0,0,1,0,0,0,0,0
there,0.4,5,0,0,0,1,0,0,0,0
visita,0.5,6,0,0,0,0,0,0,0,1
fish,0.25,4,0,0,0,1,0,0,0,0
verb,0.25,4,0,0,0,0,0,0,0,0
pintar,0.3333,6,0,0,0,0,0,0,0,1
invent,0.3333,6,0,0,0,0,0,0,0,0
dear,0.5,4,0,0,0,0,0,0,0,0
moon,0.5,4,0,0,1,0,0,0,0,0
morning,0.2857,7,0,0,0,0,0,0,1,0
mal,0.3333,3,0,0,0,0,0,0,0,1
reuneixen,0.5556,9,0,0,0,0,0,0,0,1
enter,0.4,5,0,0,0,0,0,0,0,0
listen,0.3333,6,0,0,0,0,0,0,0,0
little,0.3333,6,0,0,0,1,0,0,0,0
porta,0.4,5,0,0,0,0,0,0,0,1
blue,0.5,4,0,0,0,0,0,0,0,0
blanc,0.2,5,0,0,0,0,0,0,0,1
though,0.3333,6,0,0,0,1,0,1,0,0
món,0.0,3,1,0,0,0,0,0,0,1
continent,0.3333,9,0,0,0,0,0,0,0,1
poblar,0.3333,6,0,0,0,0,0,0,0,1
resoldre,0.375,8,0,0,0,0,0,0,0,1
edge,0.5,4,0,0,0,0,0,1,0,0
diners,0.3333,6,0,0,0,0,0,0,0,1
fruita,0.5,6,0,0,0,0,0,0,0,1
check,0.2,5,0,0,0,1,0,0,0,0
seva,0.5,4,0,0,0,0,0,0,0,1
atom,0.5,4,0,0,0,0,0,0,0,0
lloc,0.25,4,0,0,0,0,0,0,0,1
gun,0.3333,3,0,0,0,0,0,0,0,0
figura,0.5,6,0,0,0,0,0,0,0,1
diferir,0.4286,7,0,0,0,0,0,0,0,1
reunir,0.5,6,0,0,0,0,0,0,0,1
my,0.0,2,0,0,0,0,0,0,0,0
òrgan,0.2,5,1,0,0,0,0,0,0,1
miss,0.25,4,0,0,0,0,0,0,0,0
note,0.5,4,0,0,0,0,0,0,0,0
dret,0.25,4,0,0,0,0,0,0,0,1
favor,0.4,5,0,0,0,0,0,0,0,0
faria,0.6,5,0,0,0,0,0,0,0,1
botiga,0.5,6,0,0,0,0,0,0,0,1
braç,0.25,4,0,1,0,0,0,0,0,1
level,0.4,5,0,0,0,0,0,0,0,0
morir,0.4,5,0,0,0,0,0,0,0,1
pregunto,0.375,8,0,0,0,0,0,0,0,1
have,0.5,4,0,0,0,0,0,0,0,0
suggest,0.2857,7,0,0,0,1,0,0,1,0
size,0.5,4,0,0,0,0,0,0,1,0
off,0.3333,3,0,0,0,1,0,0,0,1
choose,0.5,6,0,0,1,1,0,0,0,0
up,0.5,2,0,0,0,0,0,0,0,0
ell,0.3333,3,0,0,0,0,0,0,0,1
ocean,0.6,5,0,0,0,0,0,0,0,0
sorpresa,0.375,8,0,0,0,0,0,0,0,1
passeig,0.4286,7,0,0,0,0,0,0,0,1
throw,0.2,5,0,0,0,1,0,0,0,0
several,0.4286,7,0,0,0,0,0,0,0,0
come,0.5,4,0,0,0,0,0,0,0,0
support,0.2857,7,0,0,0,1,0,0,0,0
signe,0.4,5,0,0,0,0,0,0,0,1
certa,0.4,5,0,0,0,0,0,0,0,1
curta,0.4,5,0,0,0,0,0,0,0,1
family,0.3333,6,0,0,0,0,0,0,0,0
tractar,0.2857,7,0,0,0,0,0,0,0,1
too,0.6667,3,0,0,1,0,0,0,0,0
occur,0.4,5,0,0,0,0,0,0,0,0
ment,0.25,4,0,0,0,0,0,0,0,1
si,0.5,2,0,0,0,0,0,0,0,1
molt,0.25,4,0,0,0,0,0,0,0,1
home,0.5,4,0,0,0,0,0,0,0,1
set,0.3333,3,0,0,0,0,0,0,0,0
procés,0.1667,6,1,0,0,0,0,0,0,1
milla,0.4,5,0,0,0,0,0,0,0,1
inici,0.6,5,0,0,0,0,0,0,0,1
home,0.5,4,0,0,0,0,0,0,0,0
gentle,0.3333,6,0,0,0,0,0,0,0,0
guardar,0.4286,7,0,0,0,0,0,0,0,1
change,0.3333,6,0,0,0,1,0,0,0,0
fig,0.3333,3,0,0,0,0,0,0,0,0
alguns,0.3333,6,0,0,0,0,0,0,0,1
segur,0.4,5,0,0,0,0,0,0,0,1
sea,0.6667,3,0,0,0,0,0,0,0,0
mina,0.5,4,0,0,0,0,0,0,0,1
colònia,0.4286,7,1,0,0,0,0,0,0,1
than,0.25,4,0,0,0,1,0,0,0,0
dependrà,0.25,8,1,0,0,0,0,0,0,1
peixos,0.5,6,0,0,0,0,0,0,0,1
augmentar,0.4444,9,0,0,0,0,0,0,0,1
flower,0.3333,6,0,0,0,0,0,0,0,0
you,0.6667,3,0,0,0,0,0,0,0,0
si,0.5,2,0,0,0,0,0,0,0,1
bought,0.3333,6,0,0,0,0,0,1,0,0
segle,0.4,5,0,0,0,0,0,0,0,1
altre,0.4,5,0,0,0,0,0,0,0,1
necessitarà,0.3636,11,1,0,0,0,0,0,0,1
fraction,0.375,8,0,0,0,0,0,0,0,0
vidre,0.4,5,0,0,0,0,0,0,0,1
resoldre,0.375,8,0,0,0,0,0,0,0,1
divide,0.5,6,0,0,0,0,0,0,1,0
nom,0.3333,3,0,0,0,0,0,0,0,1
que,0.6667,3,0,0,0,0,0,0,0,1
sentit,0.3333,6,0,0,0,0,0,0,0,1
know,0.25,4,0,0,0,1,0,0,0,0
strong,0.1667,6,0,0,0,0,0,0,0,0
length,0.1667,6,0,0,0,1,0,0,0,0
cada,0.5,4,0,0,0,0,0,0,0,1
abans,0.4,5,0,0,0,0,0,0,0,1
lliure,0.5,6,0,0,0,0,0,0,0,1
hundred,0.2857,7,0,0,0,0,0,0,1,0
consonant,0.3333,9,0,0,0,0,0,0,0,0
has,0.3333,3,0,0,0,0,0,0,0,0
desgast,0.2857,7,0,0,0,0,0,0,1,1
habitació,0.4444,9,1,0,0,0,0,0,0,1
fer,0.3333,3,0,0,0,0,0,0,0,1
neck,0.25,4,0,0,0,1,0,0,0,0
a,1.0,1,0,0,0,0,0,0,0,1
necessary,0.3333,9,0,0,0,0,0,0,0,0
beat,0.5,4,0,0,0,0,0,0,0,0
we,0.5,2,0,0,0,0,0,0,0,0
dit,0.3333,3,0,0,0,0,0,0,0,1
problem,0.2857,7,0,0,0,0,0,0,0,0
pregunta,0.375,8,0,0,0,0,0,0,0,1
plana,0.4,5,0,0,0,0,0,0,0,1
aquí,0.5,4,1,0,0,0,0,0,0,1
together,0.375,8,0,0,0,1,0,0,0,0
puntuació,0.4444,9,1,0,0,0,0,0,0,1
distant,0.2857,7,0,0,0,0,0,0,0,0
acabat,0.5,6,0,0,0,0,0,0,0,1
sky,0.0,3,0,0,0,1,0,0,0,0
division,0.5,8,0,0,0,0,0,0,0,0
homes,0.4,5,0,0,0,0,0,0,0,1
branch,0.1667,6,0,0,0,1,0,0,0,0
quan,0.5,4,0,0,0,0,0,0,0,1
escoltar,0.375,8,0,0,0,0,0,0,0,1
draw,0.25,4,0,0,0,0,0,0,0,0
gran,0.25,4,0,0,0,0,0,0,0,1
pneumàtics,0.3,10,1,0,0,0,0,0,0,1
arrive,0.5,6,0,0,0,0,0,0,0,0
plan,0.25,4,0,0,0,0,0,0,0,0
team,0.5,4,0,0,0,0,0,0,0,0
type,0.25,4,0,0,0,0,0,0,0,0
riba,0.5,4,0,0,0,0,0,0,0,1
born,0.25,4,0,0,0,0,0,0,0,1
cos,0.3333,3,0,0,0,0,0,0,0,1
subject,0.2857,7,0,0,0,0,0,0,0,0
game,0.5,4,0,0,0,0,0,0,0,0
well,0.25,4,0,0,0,0,0,0,0,0
prendre,0.2857,7,0,0,0,0,0,0,0,1
column,0.3333,6,0,0,0,0,0,0,0,0
encara,0.5,6,0,0,0,0,0,0,0,1
pal,0.3333,3,0,0,0,0,0,0,0,1
fly,0.0,3,0,0,0,0,0,0,0,0
excite,0.5,6,0,0,0,0,0,0,0,0
shall,0.2,5,0,0,0,1,0,0,0,0
need,0.5,4,0,0,1,0,0,0,1,0
coast,0.4,5,0,0,0,0,0,0,1,0
property,0.25,8,0,0,0,0,0,0,0,0
localitzar,0.4,10,0,0,0,0,0,0,0,1
sell,0.25,4,0,0,0,0,0,0,0,0
en,0.5,2,0,0,0,0,0,0,0,1
lie,0.6667,3,0,0,0,0,0,0,0,0
could,0.4,5,0,0,0,0,0,1,0,0
train,0.4,5,0,0,0,0,0,0,0,0
prendre,0.2857,7,0,0,0,0,0,0,0,1
capità,0.3333,6,1,0,0,0,0,0,0,1
repeteixi,0.5556,9,0,0,0,0,0,0,0,1
flow,0.25,4,0,0,0,0,0,0,0,0
oil,0.6667,3,0,0,0,0,0,0,0,0
feed,0.5,4,0,0,1,0,0,0,1,0
bretxa,0.3333,6,0,0,0,0,0,0,0,1
whose,0.4,5,0,0,0,1,0,0,0,0
costat,0.3333,6,0,0,0,0,0,0,0,1
morts,0.2,5,0,0,0,0,0,0,0,1
war,0.3333,3,0,0,0,0,0,0,0,0
engeneral,0.4444,9,0,0,0,0,0,0,0,1
subjecte,0.375,8,0,0,0,0,0,0,0,1
taula,0.6,5,0,0,0,0,0,0,0,1
grup,0.25,4,0,0,0,0,0,0,0,1
able,0.5,4,0,0,0,0,0,0,0,0
llit,0.25,4,0,0,0,0,0,0,0,1
neighbor,0.375,8,0,0,0,1,0,1,0,0
hi,0.5,2,0,0,0,0,0,0,0,1
volar,0.4,5,0,0,0,0,0,0,0,1
igual,0.6,5,0,0,0,0,0,0,0,1
hivern,0.3333,6,0,0,0,0,0,0,0,1
neu,0.6667,3,0,0,0,0,0,0,0,1
exact,0.4,5,0,0,0,0,0,0,0,0
effect,0.3333,6,0,0,0,1,0,0,0,0
party,0.2,5,0,0,0,0,0,0,0,0
connect,0.2857,7,0,0,0,0,0,0,0,0
colony,0.3333,6,0,0,0,0,0,0,0,0
creuar,0.5,6,0,0,0,0,0,0,0,1
camió,0.4,5,1,0,0,0,0,0,0,1
el,0.5,2,0,0,0,0,0,0,0,1
representar,0.3636,11,0,0,0,0,0,0,0,1
give,0.5,4,0,0,0,0,0,0,0,0
rellotge,0.375,8,0,0,0,0,0,0,0,1
poema,0.6,5,0,0,0,0,0,0,0,1
cat,0.3333,3,0,0,0,0,0,0,0,0
wait,0.5,4,0,0,0,0,0,0,0,0
termini,0.4286,7,0,0,0,0,0,0,0,1
shoulder,0.375,8,0,0,0,1,0,1,0,0
edat,0.5,4,0,0,0,0,0,0,0,1
possible,0.375,8,0,0,0,0,0,0,0,0
continue,0.5,8,0,0,0,0,0,0,0,0
would,0.4,5,0,0,0,0,0,1,0,0
school,0.3333,6,0,0,1,1,0,0,0,0
organitzar,0.4,10,0,0,0,0,0,0,0,1
page,0.5,4,0,0,0,0,0,0,0,0
granja,0.3333,6,0,0,0,0,0,0,0,1
her,0.3333,3,0,0,0,0,0,0,0,0
some,0.5,4,0,0,0,0,0,0,0,0
cadira,0.5,6,0,0,0,0,0,0,0,1
ascens,0.3333,6,0,0,0,0,0,0,0,1
estrany,0.2857,7,0,0,0,0,0,0,0,1
answer,0.3333,6,0,0,0,1,0,0,0,0
caràcter,0.25,8,1,0,0,0,0,0,0,1
tant,0.25,4,0,0,0,0,0,0,0,1
imagine,0.5714,7,0,0,0,0,0,0,0,0
serra,0.4,5,0,0,0,0,0,0,0,1
sister,0.3333,6,0,0,0,0,0,0,0,0
estimada,0.5,8,0,0,0,0,0,0,0,1
soft,0.25,4,0,0,0,0,0,0,0,0
targeta,0.4286,7,0,0,0,0,0,0,0,1
bank,0.25,4,0,0,0,0,0,0,0,0
off,0.3333,3,0,0,0,1,0,0,0,0
llest,0.2,5,0,0,0,0,0,0,1,1
garden,0.3333,6,0,0,0,0,0,0,0,0
el,0.5,2,0,0,0,0,0,0,0,1
moviment,0.375,8,0,0,0,0,0,0,0,1
fracció,0.2857,7,1,0,0,0,0,0,0,1
gel,0.3333,3,0,0,0,0,0,0,0,1
carrer,0.3333,6,0,0,0,0,0,0,0,1
person,0.3333,6,0,0,0,0,0,0,0,0
cerca,0.4,5,0,0,0,0,0,0,0,1
charge,0.3333,6,0,0,0,1,0,0,0,0
air,0.6667,3,0,0,0,0,0,0,0,0
don’t,0.2,5,0,0,0,0,0,0,0,0
twenty,0.1667,6,0,0,0,1,0,0,0,0
long,0.25,4,0,0,0,0,0,0,0,0
string,0.1667,6,0,0,0,0,0,0,1,0
que,0.6667,3,0,0,0,0,0,0,0,1
good,0.5,4,0,0,1,0,0,0,0,0
pla,0.3333,3,0,0,0,0,0,0,0,1
poc,0.3333,3,0,0,0,0,0,0,0,1
seient,0.5,6,0,0,0,0,0,0,0,1
captain,0.4286,7,0,0,0,0,0,0,0,0
gràcies,0.2857,7,1,0,0,0,0,0,0,1
crop,0.25,4,0,0,0,0,0,0,0,0
exemple,0.4286,7,0,0,0,0,0,0,0,1
value,0.6,5,0,0,0,0,0,0,0,0
curs,0.25,4,0,0,0,0,0,0,0,1
ruptura,0.4286,7,0,0,0,0,0,0,0,1
unit,0.5,4,0,0,0,0,0,0,0,0
led,0.3333,3,0,0,0,0,0,0,1,0
noise,0.6,5,0,0,0,0,0,0,1,0
cavall,0.3333,6,0,0,0,0,0,0,0,1
afegir,0.5,6,0,0,0,0,0,0,0,1
many,0.25,4,0,0,0,0,0,0,0,0
pertant,0.2857,7,0,0,0,0,0,0,0,1
brought,0.2857,7,0,0,0,0,0,1,0,0
llançar,0.2857,7,0,1,0,0,0,0,0,1
real,0.5,4,0,0,0,0,0,0,0,0
plau,0.5,4,0,0,0,0,0,0,0,1
correct,0.2857,7,0,0,0,0,0,0,0,0
began,0.4,5,0,0,0,0,0,0,0,0
massa,0.4,5,0,0,0,0,0,0,0,1
dollar,0.3333,6,0,0,0,0,0,0,0,0
also,0.5,4,0,0,0,0,0,0,0,0
muntatge,0.375,8,0,0,0,0,0,0,0,1
capaç,0.4,5,0,1,0,0,0,0,0,1
deixar,0.5,6,0,0,0,0,0,0,0,1
until,0.4,5,0,0,0,0,0,0,0,0
continuar,0.4444,9,0,0,0,0,0,0,0,1
word,0.25,4,0,0,0,0,0,0,0,0
came,0.5,4,0,0,0,0,0,0,0,0
inventar,0.375,8,0,0,0,0,0,0,0,1
wild,0.25,4,0,0,0,0,0,0,0,0
cow,0.3333,3,0,0,0,0,0,0,0,0
conduir,0.4286,7,0,0,0,0,0,0,0,1
triar,0.4,5,0,0,0,0,0,0,0,1
ell,0.3333,3,0,0,0,0,0,0,0,1
aigua,0.8,5,0,0,0,0,0,0,0,1
fell,0.25,4,0,0,0,0,0,0,0,0
in,0.5,2,0,0,0,0,0,0,0,0
first,0.2,5,0,0,0,0,0,0,1,0
menys,0.2,5,0,0,0,0,0,0,0,1
superfície,0.4,10,1,0,0,0,0,0,0,1
sentit,0.3333,6,0,0,0,0,0,0,0,1
quadre,0.5,6,0,0,0,0,0,0,0,1
love,0.5,4,0,0,0,0,0,0,0,0
parent,0.3333,6,0,0,0,0,0,0,0,0
dog,0.3333,3,0,0,0,0,0,0,0,0
i,1.0,1,0,0,0,0,0,0,0,1
agree,0.6,5,0,0,1,0,0,0,0,0
especialment,0.4167,12,0,0,0,0,0,0,0,1
cut,0.3333,3,0,0,0,0,0,0,0,0
century,0.2857,7,0,0,0,0,0,0,0,0
above,0.6,5,0,0,0,0,0,0,0,0
posició,0.4286,7,1,0,0,0,0,0,0,1
necessari,0.4444,9,0,0,0,0,0,0,0,1
enough,0.5,6,0,0,0,0,0,1,0,0
crease,0.5,6,0,0,0,0,0,0,0,0
diversos,0.375,8,0,0,0,0,0,0,0,1
track,0.2,5,0,0,0,1,0,0,0,0
order,0.4,5,0,0,0,0,0,0,0,0
nadó,0.25,4,1,0,0,0,0,0,0,1
row,0.3333,3,0,0,0,0,0,0,0,0
other,0.4,5,0,0,0,1,0,0,0,0
dead,0.5,4,0,0,0,0,0,0,0,0
full,0.25,4,0,0,0,0,0,0,0,1
com,0.3333,3,0,0,0,0,0,0,0,1
especial,0.5,8,0,0,0,0,0,0,0,1
després,0.1429,7,1,0,0,1,0,0,0,1
voler,0.4,5,0,0,0,0,0,0,0,1
collect,0.2857,7,0,0,0,0,0,0,0,0
grew,0.25,4,0,0,0,0,0,0,0,0
win,0.3333,3,0,0,0,0,0,0,0,0
peus,0.5,4,0,0,0,0,0,0,0,1
amb,0.3333,3,0,0,0,0,0,0,0,1
connectar,0.3333,9,0,0,0,0,0,0,0,1
your,0.5,4,0,0,0,0,0,1,0,0
no,0.5,2,0,0,0,0,0,0,0,0
endevinar,0.4444,9,0,0,0,0,0,0,0,1
sobre,0.4,5,0,0,0,0,0,0,0,1
ou,1.0,2,0,0,0,0,0,0,0,1
minute,0.5,6,0,0,0,0,0,0,0,0
no,0.5,2,0,0,0,0,0,0,0,1
evening,0.4286,7,0,0,0,0,0,0,1,0
respondre,0.3333,9,0,0,0,0,0,0,0,1
through,0.2857,7,0,0,0,1,0,1,0,0
mar,0.3333,3,0,0,0,0,0,0,0,1
start,0.2,5,0,0,0,0,0,0,0,0
separada,0.5,8,0,0,0,0,0,0,0,1
fit,0.3333,3,0,0,0,0,0,0,0,0
estrany,0.2857,7,0,0,0,0,0,0,0,1
grow,0.25,4,0,0,0,0,0,0,0,0
que,0.6667,3,0,0,0,0,0,0,0,1
lletrejar,0.3333,9,0,0,0,0,0,0,0,1
carrera,0.4286,7,0,0,0,0,0,0,0,1
proporcionar,0.4167,12,0,0,0,0,0,0,0,1
poem,0.5,4,0,0,0,0,0,0,0,0
arribar,0.4286,7,0,0,0,0,0,0,0,1
bed,0.3333,3,0,0,0,0,0,0,1,0
red,0.3333,3,0,0,0,0,0,0,1,0
significat,0.4,10,0,0,0,0,0,0,0,1
sempre,0.3333,6,0,0,0,0,0,0,0,1
forward,0.2857,7,0,0,0,0,0,0,0,0
senyoreta,0.4444,9,0,0,0,0,0,1,0,1
disseny,0.2857,7,0,0,0,0,0,0,0,1
rosa,0.5,4,0,0,0,0,0,0,0,1
form,0.25,4,0,0,0,0,0,0,0,0
acord,0.4,5,0,0,0,0,0,0,0,1
sigui,0.6,5,0,0,0,0,0,0,0,1
arbre,0.4,5,0,0,0,0,0,0,0,1
when,0.25,4,0,0,0,1,0,0,0,0
ànec,0.25,4,1,0,0,0,0,0,0,1
instrument,0.3,10,0,0,0,0,0,0,0,1
feed,0.5,4,0,0,1,0,0,0,1,1
pressa,0.3333,6,0,0,0,0,0,0,0,1
flor,0.25,4,0,0,0,0,0,0,0,1
hot,0.3333,3,0,0,0,0,0,0,0,0
segment,0.2857,7,0,0,0,0,0,0,0,1
prepare,0.4286,7,0,0,0,0,0,0,0,0
corrent,0.2857,7,0,0,0,0,0,0,0,1
instantània,0.3636,11,1,0,0,0,0,0,0,1
visit,0.4,5,0,0,0,0,0,0,0,0
soldat,0.3333,6,0,0,0,0,0,0,0,1
study,0.2,5,0,0,0,0,0,0,0,0
cool,0.5,4,0,0,1,0,0,0,0,0
pedra,0.4,5,0,0,0,0,0,0,0,1
operar,0.5,6,0,0,0,0,0,0,0,1
còpia,0.4,5,1,0,0,0,0,0,0,1
també,0.2,5,1,0,0,0,0,0,0,1
glad,0.25,4,0,0,0,0,0,0,0,0
tell,0.25,4,0,0,0,0,0,0,0,0
current,0.2857,7,0,0,0,0,0,0,0,0
cantar,0.3333,6,0,0,0,0,0,0,0,1
these,0.4,5,0,0,0,1,0,0,0,0
guardat,0.4286,7,0,0,0,0,0,0,0,1
so,0.5,2,0,0,0,0,0,0,0,0
earth,0.4,5,0,0,0,1,0,1,0,0
question,0.5,8,0,0,0,0,0,0,0,0
right,0.2,5,0,0,0,1,0,1,0,0
window,0.3333,6,0,0,0,0,0,0,0,0
suit,0.5,4,0,0,0,0,0,0,0,0
wrote,0.4,5,0,0,0,1,0,0,0,0
màster,0.1667,6,1,0,0,0,0,0,0,1
proper,0.3333,6,0,0,0,0,0,0,0,0
núvol,0.2,5,1,0,0,0,0,0,0,1
missatge,0.375,8,0,0,0,0,0,0,0,1
soldier,0.4286,7,0,0,0,0,0,0,0,0
amic,0.5,4,0,0,0,0,0,0,0,1
ring,0.25,4,0,0,0,0,0,0,1,0
apple,0.4,5,0,0,0,1,0,0,0,0
space,0.4,5,0,0,0,0,0,0,0,0
cap,0.3333,3,0,0,0,0,0,0,0,1
registre,0.375,8,0,0,0,0,0,0,0,1
determinar,0.4,10,0,0,0,0,0,0,0,1
avís,0.25,4,1,0,0,0,0,0,0,1
anys,0.25,4,0,0,0,0,0,0,0,1
sabata,0.5,6,0,0,0,0,0,0,0,1
path,0.25,4,0,0,0,1,0,0,0,0
sòl,0.0,3,1,0,0,0,0,0,0,1
friend,0.3333,6,0,0,0,0,0,0,0,0
subtract,0.25,8,0,0,0,0,0,0,0,0
interest,0.375,8,0,0,0,0,0,0,1,0
vida,0.5,4,0,0,0,0,0,0,0,1
chick,0.2,5,0,0,0,1,0,0,0,0
must,0.25,4,0,0,0,0,0,0,1,0
vaixell,0.4286,7,0,0,0,0,0,0,0,1
nens,0.25,4,0,0,0,0,0,0,0,1
grand,0.2,5,0,0,0,0,0,0,0,0
best,0.25,4,0,0,0,0,0,0,1,0
conjunt,0.2857,7,0,0,0,0,0,0,0,1
written,0.2857,7,0,0,0,1,0,0,0,0
hole,0.5,4,0,0,0,0,0,0,0,0
vi,0.5,2,0,0,0,0,0,0,0,1
molecule,0.5,8,0,0,0,0,0,0,0,0
send,0.25,4,0,0,0,0,0,0,0,0
era,0.6667,3,0,0,0,0,0,0,0,1
fun,0.3333,3,0,0,0,0,0,0,0,0
caça,0.5,4,0,1,0,0,0,0,0,1
que,0.6667,3,0,0,0,0,0,0,0,1
unir-se,0.4286,7,0,0,0,0,0,0,0,1
chance,0.3333,6,0,0,0,1,0,0,0,0
quite,0.6,5,0,0,0,0,0,0,0,0
construir,0.3333,9,0,0,0,0,0,0,0,1
suau,0.75,4,0,0,0,0,0,0,0,1
vista,0.4,5,0,0,0,0,0,0,0,1
watch,0.2,5,0,0,0,1,0,0,0,0
bat,0.3333,3,0,0,0,0,0,0,0,0
station,0.4286,7,0,0,0,0,0,0,0,0
sòl,0.0,3,1,0,0,0,0,0,0,1
laugh,0.4,5,0,0,0,0,0,1,0,0
casa,0.5,4,0,0,0,0,0,0,0,1
triangle,0.375,8,0,0,0,0,0,0,0,0
for,0.3333,3,0,0,0,0,0,0,0,0
king,0.25,4,0,0,0,0,0,0,1,0
comparar,0.375,8,0,0,0,0,0,0,0,1
flat,0.25,4,0,0,0,0,0,0,0,0
polzades,0.375,8,0,0,0,0,0,0,0,1
portar,0.3333,6,0,0,0,0,0,0,0,1
find,0.25,4,0,0,0,0,0,0,0,0
bone,0.5,4,0,0,0,0,0,0,0,0
out,0.6667,3,0,0,0,0,0,0,0,0
care,0.5,4,0,0,0,0,0,0,0,0
mare,0.5,4,0,0,0,0,0,0,0,1
usual,0.6,5,0,0,0,0,0,0,0,0
cel,0.3333,3,0,0,0,0,0,0,0,1
solve,0.4,5,0,0,0,0,0,0,0,0
group,0.4,5,0,0,0,0,0,0,0,0
money,0.4,5,0,0,0,0,0,0,0,0
read,0.5,4,0,0,0,0,0,0,0,0
wing,0.25,4,0,0,0,0,0,0,1,0
side,0.5,4,0,0,0,0,0,0,1,0
million,0.4286,7,0,0,0,0,0,0,0,0
shape,0.4,5,0,0,0,1,0,0,0,0
huge,0.5,4,0,0,0,0,0,0,0,0
stream,0.3333,6,0,0,0,0,0,0,0,0
cara,0.5,4,0,0,0,0,0,0,0,1
enemy,0.4,5,0,0,0,0,0,0,0,0
sistema,0.4286,7,0,0,0,0,0,0,0,1
board,0.4,5,0,0,0,0,0,1,0,0
summer,0.3333,6,0,0,0,0,0,0,0,0
shop,0.25,4,0,0,0,1,0,0,0,0
captures,0.375,8,0,0,0,0,0,0,0,1
branca,0.3333,6,0,0,0,0,0,0,0,1
history,0.2857,7,0,0,0,0,0,0,0,0
finish,0.3333,6,0,0,0,1,0,0,0,0
pay,0.3333,3,0,0,0,0,0,0,0,0
encaixar,0.5,8,0,0,0,0,0,0,0,1
vapor,0.4,5,0,0,0,0,0,0,0,1
em,0.5,2,0,0,0,0,0,0,0,1
per,0.3333,3,0,0,0,0,0,0,0,1
podria,0.5,6,0,0,0,0,0,0,0,1
liquid,0.5,6,0,0,0,0,0,0,0,0
per,0.3333,3,0,0,0,0,0,0,0,1
small,0.2,5,0,0,0,1,0,0,0,0
millor,0.3333,6,0,0,0,0,0,0,0,1
bat,0.3333,3,0,0,0,0,0,0,0,1
between,0.4286,7,0,0,1,1,0,0,0,0
complete,0.375,8,0,0,0,0,0,0,0,0
lone,0.5,4,0,0,0,0,0,0,0,0
produeix,0.5,8,0,0,0,0,0,0,0,1
design,0.3333,6,0,0,0,0,0,0,0,0
syllable,0.25,8,0,0,0,0,0,0,0,0
lluna,0.4,5,0,0,0,0,0,0,0,1
rock,0.25,4,0,0,0,1,0,0,0,0
meu,0.6667,3,0,0,0,0,0,0,0,1
yes,0.3333,3,0,0,0,0,0,0,0,0
la,0.5,2,0,0,0,0,0,0,0,1
much,0.25,4,0,0,0,1,0,0,0,0
season,0.5,6,0,0,0,0,0,0,0,0
mètode,0.3333,6,1,0,0,0,0,0,0,1
road,0.5,4,0,0,0,0,0,0,0,0
seca,0.5,4,0,0,0,0,0,0,0,1
corda,0.4,5,0,0,0,0,0,0,0,1
elèctrica,0.3333,9,1,0,0,0,0,0,0,1
pista,0.4,5,0,0,0,0,0,0,0,1
common,0.3333,6,0,0,0,0,0,0,0,0
under,0.4,5,0,0,0,0,0,0,0,0
columna,0.4286,7,0,0,0,0,0,0,0,1
història,0.375,8,1,0,0,0,0,0,0,1
position,0.5,8,0,0,0,0,0,0,0,0
stretch,0.1429,7,0,0,0,1,0,0,0,0
certain,0.4286,7,0,0,0,0,0,0,0,0
move,0.5,4,0,0,0,0,0,0,0,0
figure,0.5,6,0,0,0,0,0,0,0,0
what,0.25,4,0,0,0,1,0,0,0,0
costa,0.4,5,0,0,0,0,0,0,0,1
suficient,0.4444,9,0,0,0,0,0,0,0,1
produir,0.4286,7,0,0,0,0,0,0,0,1
ice,0.6667,3,0,0,0,0,0,0,0,0
ella,0.5,4,0,0,0,0,0,0,0,1
arribar,0.4286,7,0,0,0,0,0,0,0,1
operate,0.5714,7,0,0,0,0,0,0,1,0
res,0.3333,3,0,0,0,0,0,0,0,1
teeth,0.4,5,0,0,1,1,0,0,0,0
aviat,0.6,5,0,0,0,0,0,0,0,1
resta,0.4,5,0,0,0,0,0,0,0,1
creure,0.5,6,0,0,0,0,0,0,0,1
main,0.5,4,0,0,0,0,0,0,0,0
hear,0.5,4,0,0,0,0,0,0,0,0
sit,0.3333,3,0,0,0,0,0,0,0,0
rentat,0.3333,6,0,0,0,0,0,0,0,1
èxit,0.25,4,1,0,0,0,0,0,0,1
carry,0.2,5,0,0,0,0,0,0,0,0
mine,0.5,4,0,0,0,0,0,0,0,0
here,0.5,4,0,0,0,0,0,0,0,0
climb,0.2,5,0,0,0,0,0,0,0,0
plain,0.4,5,0,0,0,0,0,0,0,0
història,0.375,8,1,0,0,0,0,0,0,1
sharp,0.2,5,0,0,0,1,0,0,0,0
cremar,0.3333,6,0,0,0,0,0,0,0,1
solució,0.4286,7,1,0,0,0,0,0,0,1
test,0.25,4,0,0,0,0,0,0,1,0
ha,0.5,2,0,0,0,0,0,0,0,1
dama,0.5,4,0,0,0,0,0,0,0,1
energia,0.5714,7,0,0,0,0,0,0,0,1
wheel,0.4,5,0,0,1,1,0,0,0,0
mentre,0.3333,6,0,0,0,0,0,0,0,1
lloc,0.25,4,0,0,0,0,0,0,0,1
causa,0.6,5,0,0,0,0,0,0,0,1
olor,0.5,4,0,0,0,0,0,0,0,1
significarà,0.3636,11,1,0,0,0,0,0,0,1
escrit,0.3333,6,0,0,0,1,0,0,0,1
both,0.25,4,0,0,0,1,0,0,0,0
walk,0.25,4,0,0,0,0,0,0,0,0
process,0.2857,7,0,0,0,0,0,0,0,0
cent,0.25,4,0,0,0,0,0,0,0,0
metall,0.3333,6,0,0,0,0,0,0,0,1
ferrocarril,0.3636,11,0,0,0,0,0,0,0,1
cross,0.2,5,0,0,0,0,0,0,0,0
cost,0.25,4,0,0,0,0,0,0,1,0
considerar,0.4,10,0,0,0,0,0,0,0,1
jardí,0.2,5,1,0,0,0,0,0,0,1
aquests,0.4286,7,0,0,0,0,0,0,0,1
ràpid,0.2,5,1,0,0,0,0,0,0,1
discurs,0.2857,7,0,0,0,0,0,0,0,1
profunda,0.375,8,0,0,0,0,0,0,0,1
year,0.5,4,0,0,0,0,0,0,0,0
fear,0.5,4,0,0,0,0,0,0,0,0
coll,0.25,4,0,0,0,0,0,0,0,1
nostra,0.3333,6,0,0,0,0,0,0,0,1
tipus,0.4,5,0,0,0,0,0,0,0,1
brother,0.2857,7,0,0,0,1,0,0,0,0
hat,0.3333,3,0,0,0,0,0,0,0,0
appear,0.5,6,0,0,0,1,0,0,0,0
finestra,0.375,8,0,0,0,0,0,0,0,1
els,0.3333,3,0,0,0,0,0,0,0,1
bastant,0.2857,7,0,0,0,0,0,0,0,1
better,0.3333,6,0,0,0,1,0,0,0,0
jump,0.25,4,0,0,0,0,0,0,0,0
repeat,0.5,6,0,0,0,0,0,0,0,0
class,0.2,5,0,0,0,0,0,0,0,0
més,0.0,3,1,0,0,0,0,0,0,1
fruit,0.4,5,0,0,0,0,0,0,0,0
press,0.2,5,0,0,0,0,0,0,0,0
camp,0.25,4,0,0,0,0,0,0,0,0
month,0.2,5,0,0,0,1,0,0,0,0
coat,0.5,4,0,0,0,0,0,0,0,0
àtom,0.25,4,1,0,0,0,0,0,0,1
augmentant,0.4,10,0,0,0,0,0,0,0,1
qüestió,0.2857,7,1,0,0,0,0,0,0,1
port,0.25,4,0,0,0,0,0,0,0,1
lliscament,0.3,10,0,0,0,0,0,0,0,1
full,0.25,4,0,0,0,0,0,0,0,0
cantonada,0.4444,9,0,0,0,0,0,0,0,1
secció,0.3333,6,1,0,0,0,0,0,0,1
continuació,0.4545,11,1,0,0,0,0,0,0,1
as,0.5,2,0,0,0,0,0,0,0,0
herba,0.4,5,0,0,0,0,0,0,0,1
be,0.5,2,0,0,0,0,0,0,0,0
metge,0.4,5,0,0,0,0,0,0,0,1
bit,0.3333,3,0,0,0,0,0,0,0,1
most,0.25,4,0,0,0,0,0,0,1,0
are,0.6667,3,0,0,0,0,0,0,0,0
segur,0.4,5,0,0,0,0,0,0,0,1
method,0.3333,6,0,0,0,1,0,0,0,0
measure,0.5714,7,0,0,0,0,0,0,0,0
thus,0.25,4,0,0,0,1,0,0,0,0
estirament,0.4,10,0,0,0,0,0,0,0,1
turó,0.25,4,1,0,0,0,0,0,0,1
fet,0.3333,3,0,0,0,0,0,0,0,1
age,0.6667,3,0,0,0,0,0,0,0,0
probable,0.375,8,0,0,0,0,0,0,0,1
broad,0.4,5,0,0,0,0,0,0,0,0
substància,0.3,10,1,0,0,0,0,0,0,1
story,0.2,5,0,0,0,0,0,0,0,0
left,0.25,4,0,0,0,0,0,0,0,0
thing,0.2,5,0,0,0,1,0,0,1,0
and,0.3333,3,0,0,0,0,0,0,0,0
enemic,0.5,6,0,0,0,0,0,0,0,1
name,0.5,4,0,0,0,0,0,0,0,0
add,0.3333,3,0,0,0,1,0,0,0,0
of,0.5,2,0,0,0,0,0,0,0,0
spoke,0.4,5,0,0,0,0,0,0,0,0
silver,0.3333,6,0,0,0,0,0,0,0,0
sing,0.25,4,0,0,0,0,0,0,1,0
live,0.5,4,0,0,0,0,0,0,0,0
riure,0.6,5,0,0,0,0,0,0,0,1
happy,0.2,5,0,0,0,1,0,0,0,0
card,0.25,4,0,0,0,0,0,0,0,0
exercici,0.5,8,0,0,0,0,0,0,0,1
mesurar,0.4286,7,0,0,0,0,0,0,0,1
loud,0.5,4,0,0,0,0,0,0,0,0
farm,0.25,4,0,0,0,0,0,0,0,0
destacat,0.375,8,0,0,0,0,0,0,0,1
dir,0.3333,3,0,0,0,0,0,0,0,1
fet,0.3333,3,0,0,0,0,0,0,0,1
calenta,0.4286,7,0,0,0,0,0,0,0,1
represent,0.3333,9,0,0,0,0,0,0,0,0
pell,0.25,4,0,0,0,0,0,0,0,1
veure,0.6,5,0,0,0,0,0,0,0,1
ràpid,0.2,5,1,0,0,0,0,0,0,1
if,0.5,2,0,0,0,0,0,0,0,0
sign,0.25,4,0,0,0,0,0,0,0,0
regió,0.4,5,1,0,0,0,0,0,0,1
màquina,0.4286,7,1,0,0,0,0,0,0,1
sight,0.2,5,0,0,0,1,0,1,0,0
país,0.25,4,1,0,0,0,0,0,0,1
yard,0.25,4,0,0,0,0,0,0,0,0
open,0.5,4,0,0,0,0,0,0,0,0
two,0.3333,3,0,0,0,1,0,0,0,0
estació,0.4286,7,1,0,0,0,0,0,0,1
supply,0.1667,6,0,0,0,1,0,0,0,0
they,0.25,4,0,0,0,1,0,0,0,0
world,0.2,5,0,0,0,0,0,0,0,0
oferta,0.5,6,0,0,0,0,0,0,0,1
science,0.4286,7,0,0,0,0,0,0,0,0
gos,0.3333,3,0,0,0,0,0,0,0,1
sugar,0.4,5,0,0,0,0,0,0,0,0
free,0.5,4,0,0,1,0,0,0,0,0
fina,0.5,4,0,0,0,0,0,0,0,1
lady,0.25,4,0,0,0,0,0,0,0,0
pitch,0.2,5,0,0,0,1,0,0,0,1
state,0.4,5,0,0,0,0,0,0,1,0
degree,0.5,6,0,0,1,0,0,0,0,0
pose,0.5,4,0,0,0,0,0,0,0,0
eren,0.5,4,0,0,0,0,0,0,0,1
cellular,0.375,8,0,0,0,0,0,0,0,1
mai,0.6667,3,0,0,0,0,0,0,0,1
color,0.4,5,0,0,0,0,0,0,0,1
held,0.25,4,0,0,0,0,0,0,0,0
menys,0.2,5,0,0,0,0,0,0,0,1
difficult,0.3333,9,0,0,0,1,0,0,0,0
reals,0.4,5,0,0,0,0,0,0,0,1
dress,0.2,5,0,0,0,0,0,0,0,0
ocupat,0.5,6,0,0,0,0,0,0,0,1
ever,0.5,4,0,0,0,0,0,0,0,0
block,0.2,5,0,0,0,1,0,0,0,0
poor,0.5,4,0,0,1,0,0,1,0,0
vall,0.25,4,0,0,0,0,0,0,0,1
rise,0.5,4,0,0,0,0,0,0,1,0
colour,0.5,6,0,0,0,0,0,1,0,0
desert,0.3333,6,0,0,0,0,0,0,0,1
completa,0.375,8,0,0,0,0,0,0,0,1
trobat,0.3333,6,0,0,0,0,0,0,0,1
llit,0.25,4,0,0,0,0,0,0,0,1
gas,0.3333,3,0,0,0,0,0,0,0,1
mai,0.6667,3,0,0,0,0,0,0,0,1
propagació,0.4,10,1,0,0,0,0,0,0,1
sentence,0.375,8,0,0,0,0,0,0,0,0
partit,0.3333,6,0,0,0,0,0,0,0,1
música,0.3333,6,1,0,0,0,0,0,0,1
element,0.4286,7,0,0,0,0,0,0,0,1
so,0.5,2,0,0,0,0,0,0,0,1
sabia,0.6,5,0,0,0,0,0,0,0,1
germana,0.4286,7,0,0,0,0,0,0,0,1
dibuixar,0.5,8,0,0,0,0,0,0,0,1
estudiant,0.4444,9,0,0,0,0,0,0,0,1
new,0.3333,3,0,0,0,0,0,0,0,0
how,0.3333,3,0,0,0,0,0,0,0,0
clar,0.25,4,0,0,0,0,0,0,0,1
àmplia,0.3333,6,1,0,0,0,0,0,0,1
women,0.4,5,0,0,0,0,0,0,0,0
language,0.5,8,0,0,0,0,0,0,0,0
cloud,0.4,5,0,0,0,0,0,0,0,0
arm,0.3333,3,0,0,0,0,0,0,0,0
leave,0.6,5,0,0,0,0,0,0,0,0
light,0.2,5,0,0,0,1,0,1,0,0
on,0.5,2,0,0,0,0,0,0,0,0
última,0.3333,6,1,0,0,0,0,0,0,1
crit,0.25,4,0,0,0,0,0,0,0,1
require,0.5714,7,0,0,0,0,0,0,0,0
chick,0.2,5,0,0,0,1,0,0,0,1
eina,0.75,4,0,0,0,0,0,0,0,1
caure,0.6,5,0,0,0,0,0,0,0,1
empènyer,0.25,8,1,0,0,0,0,0,0,1
pull,0.25,4,0,0,0,0,0,0,0,0
ship,0.25,4,0,0,0,1,0,0,1,0
plec,0.25,4,0,0,0,0,0,0,0,1
seleccioneu,0.5455,11,0,0,0,0,0,0,0,1
seva,0.5,4,0,0,0,0,0,0,0,1
segment,0.2857,7,0,0,0,0,0,0,0,0
floor,0.4,5,0,0,1,0,0,1,0,0
course,0.5,6,0,0,0,0,0,1,0,0
last,0.25,4,0,0,0,0,0,0,1,0
vestit,0.3333,6,0,0,0,0,0,0,0,1
catch,0.2,5,0,0,0,1,0,0,0,0
idioma,0.6667,6,0,0,0,0,0,0,0,1
matter,0.3333,6,0,0,0,1,0,0,0,0
wide,0.5,4,0,0,0,0,0,0,1,0
fact,0.25,4,0,0,0,0,0,0,0,0
she,0.3333,3,0,0,0,1,0,0,0,0
següent,0.2857,7,0,0,0,0,0,0,0,1
aire,0.75,4,0,0,0,0,0,0,0,1
com,0.3333,3,0,0,0,0,0,0,0,1
pair,0.5,4,0,0,0,0,0,1,0,0
call,0.25,4,0,0,0,0,0,0,0,0
mountain,0.5,8,0,0,0,0,0,0,0,0
clean,0.4,5,0,0,0,0,0,0,0,0
junts,0.2,5,0,0,0,0,0,0,0,1
inferior,0.5,8,0,0,0,0,0,0,0,1
té,0.0,2,1,0,0,0,0,0,0,1
hunt,0.25,4,0,0,0,0,0,0,0,0
print,0.2,5,0,0,0,0,0,0,0,0
decidir,0.4286,7,0,0,0,0,0,0,0,1
help,0.25,4,0,0,0,0,0,0,0,0
contain,0.4286,7,0,0,0,0,0,0,0,0
oh,0.5,2,0,0,0,0,0,0,0,0
show,0.25,4,0,0,0,1,0,0,0,0
com,0.3333,3,0,0,0,0,0,0,0,1
esperar,0.4286,7,0,0,0,0,0,0,0,1
adequada,0.625,8,0,0,0,0,0,0,0,1
sent,0.25,4,0,0,0,0,0,0,0,0
experiència,0.4545,11,1,0,0,0,0,0,0,1
nedar,0.4,5,0,0,0,0,0,0,0,1
suau,0.75,4,0,0,0,0,0,0,0,1
subministrament,0.3333,15,0,0,0,0,0,0,0,1
where,0.4,5,0,0,0,1,0,0,0,0
night,0.2,5,0,0,0,1,0,1,0,0
search,0.3333,6,0,0,0,1,0,1,0,0
parlar,0.3333,6,0,0,0,0,0,0,0,1
art,0.3333,3,0,0,0,0,0,0,0,1
get,0.3333,3,0,0,0,0,0,0,0,0
paper,0.4,5,0,0,0,0,0,0,0,0
circle,0.3333,6,0,0,0,0,0,0,0,0
acord,0.4,5,0,0,0,0,0,0,0,1
llibre,0.3333,6,0,0,0,0,0,0,0,1
oxygen,0.3333,6,0,0,0,0,0,0,0,0
ella,0.5,4,0,0,0,0,0,0,0,1
took,0.5,4,0,0,1,0,0,0,0,0
wave,0.5,4,0,0,0,0,0,0,0,0
motion,0.5,6,0,0,0,0,0,0,0,0
duck,0.25,4,0,0,0,1,0,0,0,0
dictionary,0.4,10,0,0,0,0,0,0,0,0
zona,0.5,4,0,0,0,0,0,0,0,1
ampli,0.4,5,0,0,0,0,0,0,0,1
cuiner,0.5,6,0,0,0,0,0,0,0,1
practice,0.375,8,0,0,0,0,0,0,0,0
alegria,0.5714,7,0,0,0,0,0,0,0,1
iron,0.5,4,0,0,0,0,0,0,0,0
enorme,0.5,6,0,0,0,0,0,0,0,1
comprat,0.2857,7,0,0,0,0,0,0,0,1
five,0.5,4,0,0,0,0,0,0,0,0
force,0.4,5,0,0,0,0,0,0,0,0
mantenir,0.375,8,0,0,0,0,0,0,0,1
student,0.2857,7,0,0,0,0,0,0,0,0
each,0.5,4,0,0,0,1,0,0,0,0
cada,0.5,4,0,0,0,0,0,0,0,1
és,0.0,2,1,0,0,0,0,0,0,1
ocupat,0.5,6,0,0,0,0,0,0,0,1
unitat,0.5,6,0,0,0,0,0,0,0,1
pot,0.3333,3,0,0,0,0,0,0,0,1
lot,0.3333,3,0,0,0,0,0,0,0,0
setmana,0.4286,7,0,0,0,0,0,0,0,1
quart,0.4,5,0,0,0,0,0,0,0,1
prova,0.4,5,0,0,0,0,0,0,0,1
weather,0.4286,7,0,0,0,1,0,0,0,0
bad,0.3333,3,0,0,0,0,0,0,0,0
velocitat,0.4444,9,0,0,0,0,0,0,0,1
baby,0.25,4,0,0,0,0,0,0,0,0
forma,0.4,5,0,0,0,0,0,0,0,1
forma,0.4,5,0,0,0,0,0,0,0,1
early,0.4,5,0,0,0,0,0,1,0,0
gone,0.5,4,0,0,0,0,0,0,0,0
been,0.5,4,0,0,1,0,0,0,0,0
indicar,0.4286,7,0,0,0,0,0,0,0,1
seva,0.5,4,0,0,0,0,0,0,0,1
ha,0.5,2,0,0,0,0,0,0,0,1
allow,0.4,5,0,0,0,0,0,0,0,0
child,0.2,5,0,0,0,1,0,0,0,0
govern,0.3333,6,0,0,0,0,0,0,0,0
pick,0.25,4,0,0,0,1,0,0,0,0
suport,0.3333,6,0,0,0,0,0,0,0,1
except,0.3333,6,0,0,0,0,0,0,0,0
si,0.5,2,0,0,0,0,0,0,0,1
verd,0.25,4,0,0,0,0,0,0,0,1
vora,0.5,4,0,0,0,0,0,0,0,1
primer,0.3333,6,0,0,0,0,0,0,0,1
scale,0.4,5,0,0,0,0,0,0,0,0
centre,0.3333,6,0,0,0,0,0,0,0,1
síl·laba,0.25,8,1,0,0,0,0,0,0,1
letter,0.3333,6,0,0,0,1,0,0,0,0
diversió,0.375,8,1,0,0,0,0,0,0,1
frase,0.4,5,0,0,0,0,0,0,0,1
play,0.25,4,0,0,0,0,0,0,0,0
body,0.25,4,0,0,0,0,0,0,0,0
nou,0.6667,3,0,0,0,0,0,0,0,1
imant,0.4,5,0,0,0,0,0,0,0,1
habitual,0.5,8,0,0,0,0,0,0,0,1
principal,0.3333,9,0,0,0,0,0,0,0,1
esdeveniment,0.4167,12,0,0,0,0,0,0,0,1
major,0.4,5,0,0,0,0,0,0,0,0
wire,0.5,4,0,0,0,0,0,0,0,0
esquena,0.5714,7,0,0,0,1,0,0,0,1
només,0.2,5,1,0,0,0,0,0,0,1
joy,0.3333,3,0,0,0,0,0,0,0,0
speed,0.4,5,0,0,1,0,0,0,1,0
cotxe,0.4,5,0,0,0,0,0,0,0,1
efecte,0.5,6,0,0,0,0,0,0,0,1
wood,0.5,4,0,0,1,0,0,0,0,0
ocell,0.4,5,0,0,0,0,0,0,0,1
fine,0.5,4,0,0,0,0,0,0,0,0
either,0.5,6,0,0,0,1,0,0,0,0
dents,0.2,5,0,0,0,0,0,0,0,1
follow,0.3333,6,0,0,0,0,0,0,0,0
diccionari,0.5,10,0,0,0,0,0,0,0,1
produce,0.4286,7,0,0,0,0,0,0,0,0
put,0.3333,3,0,0,0,0,0,0,0,0
speech,0.3333,6,0,0,1,1,0,0,0,0
sand,0.25,4,0,0,0,0,0,0,0,0
espai,0.6,5,0,0,0,0,0,0,0,1
cama,0.5,4,0,0,0,0,0,0,0,1
trobar,0.3333,6,0,0,0,0,0,0,0,1
nació,0.4,5,1,0,0,0,0,0,0,1
poble,0.4,5,0,0,0,0,0,0,0,1
high,0.25,4,0,0,0,1,0,1,0,0
cotó,0.25,4,1,0,0,0,0,0,0,1
desert,0.3333,6,0,0,0,0,0,0,0,0
four,0.5,4,0,0,0,0,0,1,0,0
select,0.3333,6,0,0,0,0,0,0,0,0
ara,0.6667,3,0,0,0,0,0,0,0,1
forest,0.3333,6,0,0,0,0,0,1,1,0
cell,0.25,4,0,0,0,0,0,0,0,0
empresa,0.4286,7,0,0,0,0,0,0,0,1
fila,0.5,4,0,0,0,0,0,0,0,1
ascensor,0.375,8,0,0,0,0,0,0,0,1
far,0.3333,3,0,0,0,0,0,0,0,0
haurà,0.4,5,1,0,0,0,0,0,0,1
power,0.4,5,0,0,0,0,0,0,0,0
cover,0.4,5,0,0,0,0,0,0,0,0
strange,0.2857,7,0,0,0,0,0,0,0,0
notice,0.5,6,0,0,0,0,0,0,0,0
life,0.5,4,0,0,0,0,0,0,0,0
colpejar,0.375,8,0,0,0,0,0,0,0,1
idea,0.75,4,0,0,0,0,0,0,0,0
prove,0.4,5,0,0,0,0,0,0,0,0
number,0.3333,6,0,0,0,0,0,0,0,0
meet,0.5,4,0,0,1,0,0,0,0,0
close,0.4,5,0,0,0,0,0,0,0,0
parlar,0.3333,6,0,0,0,0,0,0,0,1
casa,0.5,4,0,0,0,0,0,0,0,1
humà,0.25,4,1,0,0,0,0,0,0,1
servir,0.3333,6,0,0,0,0,0,0,0,1
ferro,0.4,5,0,0,0,0,0,0,0,1
pagar,0.4,5,0,0,0,0,0,0,0,1
pràctica,0.25,8,1,0,0,0,0,0,0,1
only,0.25,4,0,0,0,0,0,0,0,0
potser,0.3333,6,0,0,0,0,0,0,0,1
segueixi,0.625,8,0,0,0,0,0,0,0,1
símbol,0.1667,6,1,0,0,0,0,0,0,1
material,0.5,8,0,0,0,0,0,0,0,0
consider,0.375,8,0,0,0,0,0,0,0,0
tarda,0.4,5,0,0,0,0,0,0,0,1
decide,0.5,6,0,0,0,0,0,0,1,0
crit,0.25,4,0,0,0,0,0,0,0,1
multiplicar,0.3636,11,0,0,0,0,0,0,0,1
ear,0.6667,3,0,0,0,0,0,0,0,0
may,0.3333,3,0,0,0,0,0,0,0,0
bellesa,0.4286,7,0,0,0,0,0,0,0,1
famous,0.5,6,0,0,0,0,0,0,0,0
thousand,0.375,8,0,0,0,1,0,0,0,0
milions,0.4286,7,0,0,0,0,0,0,0,1
ride,0.5,4,0,0,0,0,0,0,1,0
aconseguir,0.5,10,0,0,0,0,0,0,0,1
nor,0.3333,3,0,0,0,0,0,0,0,0
lake,0.5,4,0,0,0,0,0,0,0,0
always,0.3333,6,0,0,0,0,0,0,0,0
enviat,0.5,6,0,0,0,0,0,0,0,1
veu,0.6667,3,0,0,0,0,0,0,0,1
plata,0.4,5,0,0,0,0,0,0,0,1
art,0.3333,3,0,0,0,0,0,0,0,0
take,0.5,4,0,0,0,0,0,0,0,0
tipus,0.4,5,0,0,0,0,0,0,0,1
tire,0.5,4,0,0,0,0,0,0,0,0
temperatura,0.4545,11,0,0,0,0,0,0,0,1
ho,0.5,2,0,0,0,0,0,0,0,1
our,0.6667,3,0,0,0,0,0,1,0,0
peu,0.6667,3,0,0,0,0,0,0,0,1
problema,0.375,8,0,0,0,0,0,0,0,1
market,0.3333,6,0,0,0,0,0,0,0,0
sun,0.3333,3,0,0,0,0,0,0,0,0
which,0.2,5,0,0,0,1,0,0,0,0
field,0.4,5,0,0,0,0,0,0,0,0
north,0.2,5,0,0,0,1,0,0,0,0
guess,0.4,5,0,0,0,0,0,0,0,0
large,0.4,5,0,0,0,0,0,0,0,0
divisió,0.4286,7,1,0,0,0,0,0,0,1
try,0.0,3,0,0,0,0,0,0,0,0
banc,0.25,4,0,0,0,0,0,0,0,1
soroll,0.3333,6,0,0,0,0,0,0,0,1
drive,0.4,5,0,0,0,0,0,0,0,0
plantejar,0.3333,9,0,0,0,0,0,0,0,1
doctor,0.3333,6,0,0,0,0,0,0,0,0
rub,0.3333,3,0,0,0,0,0,0,0,1
post,0.25,4,0,0,0,0,0,0,1,0
least,0.4,5,0,0,0,0,0,0,1,0
vaca,0.5,4,0,0,0,0,0,0,0,1
natural,0.4286,7,0,0,0,0,0,0,0,0
sense,0.4,5,0,0,0,0,0,0,0,0
sentit,0.3333,6,0,0,0,0,0,0,0,1
somni,0.4,5,0,0,0,0,0,0,0,1
venir,0.4,5,0,0,0,0,0,0,0,1
substantiu,0.4,10,0,0,0,0,0,0,0,1
stop,0.25,4,0,0,0,0,0,0,0,0
brown,0.2,5,0,0,0,0,0,0,0,1
metal,0.4,5,0,0,0,0,0,0,0,0
passeig,0.4286,7,0,0,0,0,0,0,0,1
