word,ratio,cantidadLetras,gotAccent,gotCedilla,doubleVocal,enCC,y
gran,0.25,4,0,0,0,0,1
numeral,0.4286,7,0,0,0,0,1
germà,0.2,5,1,0,0,0,1
empresa,0.4286,7,0,0,0,0,1
davant,0.3333,6,0,0,0,0,1
oficina,0.5714,7,0,0,0,0,1
name,0.5,4,0,0,0,0,0
esquerra,0.5,8,0,0,0,1,1
don’t,0.2,5,0,0,0,0,0
object,0.3333,6,0,0,0,0,0
mitjà,0.2,5,1,0,0,0,1
fresc,0.2,5,0,0,0,0,1
meant,0.4,5,0,0,0,0,0
use,0.6667,3,0,0,0,0,0
paper,0.4,5,0,0,0,0,0
àmplia,0.3333,6,1,0,0,0,1
experience,0.5,10,0,0,0,0,0
habitual,0.5,8,0,0,0,0,1
plane,0.4,5,0,0,0,0,0
ocupat,0.5,6,0,0,0,0,1
natural,0.4286,7,0,0,0,0,0
patró,0.2,5,1,0,0,0,1
portar,0.3333,6,0,0,0,0,1
originals,0.4444,9,0,0,0,0,1
rellotge,0.375,8,0,0,0,0,1
shell,0.2,5,0,0,0,1,0
snow,0.25,4,0,0,0,0,0
qualsevol,0.4444,9,0,0,0,0,1
mine,0.5,4,0,0,0,0,0
catch,0.2,5,0,0,0,1,0
parell,0.3333,6,0,0,0,0,1
machine,0.4286,7,0,0,0,1,0
motion,0.5,6,0,0,0,0,0
puntuació,0.4444,9,1,0,0,0,1
row,0.3333,3,0,0,0,0,0
vadonar,0.4286,7,0,0,0,0,1
seient,0.5,6,0,0,0,0,1
casa,0.5,4,0,0,0,0,1
death,0.4,5,0,0,0,1,0
probable,0.375,8,0,0,0,0,0
over,0.5,4,0,0,0,0,0
arm,0.3333,3,0,0,0,0,0
visit,0.4,5,0,0,0,0,0
nosaltres,0.3333,9,0,0,0,0,1
bit,0.3333,3,0,0,0,0,0
quick,0.4,5,0,0,0,1,0
yard,0.25,4,0,0,0,0,0
bastant,0.2857,7,0,0,0,0,1
temps,0.2,5,0,0,0,0,1
plau,0.5,4,0,0,0,0,1
guide,0.6,5,0,0,0,0,0
significat,0.4,10,0,0,0,0,1
food,0.5,4,0,0,1,0,0
star,0.25,4,0,0,0,0,0
bar,0.3333,3,0,0,0,0,1
corner,0.3333,6,0,0,0,0,0
between,0.4286,7,0,0,1,1,0
area,0.75,4,0,0,0,0,0
among,0.4,5,0,0,0,0,0
solució,0.4286,7,1,0,0,0,1
vaixell,0.4286,7,0,0,0,0,1
speed,0.4,5,0,0,1,0,0
off,0.3333,3,0,0,0,1,1
hivern,0.3333,6,0,0,0,0,1
braç,0.25,4,0,1,0,0,1
group,0.4,5,0,0,0,0,0
ànec,0.25,4,1,0,0,0,1
seure,0.6,5,0,0,0,0,1
some,0.5,4,0,0,0,0,0
pregunto,0.375,8,0,0,0,0,1
imant,0.4,5,0,0,0,0,1
fear,0.5,4,0,0,0,0,0
length,0.1667,6,0,0,0,1,0
podia,0.6,5,0,0,0,0,1
engine,0.5,6,0,0,0,0,0
llibre,0.3333,6,0,0,0,0,1
real,0.5,4,0,0,0,0,0
idea,0.75,4,0,0,0,0,1
així,0.5,4,1,0,0,0,1
primer,0.3333,6,0,0,0,0,1
campana,0.4286,7,0,0,0,0,1
nou,0.6667,3,0,0,0,0,1
diners,0.3333,6,0,0,0,0,1
blue,0.5,4,0,0,0,0,0
office,0.5,6,0,0,0,1,0
where,0.4,5,0,0,0,1,0
like,0.5,4,0,0,0,0,0
vestit,0.3333,6,0,0,0,0,1
cua,0.6667,3,0,0,0,0,1
hurry,0.2,5,0,0,0,0,0
nation,0.5,6,0,0,0,0,0
dama,0.5,4,0,0,0,0,1
tocar,0.4,5,0,0,0,0,1
before,0.5,6,0,0,0,0,0
of,0.5,2,0,0,0,0,0
demostrar,0.3333,9,0,0,0,0,1
continuació,0.4545,11,1,0,0,0,1
cap,0.3333,3,0,0,0,0,1
cantonada,0.4444,9,0,0,0,0,1
correct,0.2857,7,0,0,0,0,0
skill,0.2,5,0,0,0,1,0
receive,0.5714,7,0,0,0,0,0
llet,0.25,4,0,0,0,0,1
boy,0.3333,3,0,0,0,0,0
main,0.5,4,0,0,0,0,0
rotllo,0.3333,6,0,0,0,0,1
then,0.25,4,0,0,0,1,0
slave,0.4,5,0,0,0,0,0
tone,0.5,4,0,0,0,0,0
eren,0.5,4,0,0,0,0,1
south,0.4,5,0,0,0,1,0
mercat,0.3333,6,0,0,0,0,1
tie,0.6667,3,0,0,0,0,0
poblar,0.3333,6,0,0,0,0,1
frase,0.4,5,0,0,0,0,1
vostè,0.2,5,1,0,0,0,1
sobre,0.4,5,0,0,0,0,1
visita,0.5,6,0,0,0,0,1
endevinar,0.4444,9,0,0,0,0,1
molts,0.2,5,0,0,0,0,1
supply,0.1667,6,0,0,0,1,0
calor,0.4,5,0,0,0,0,1
forward,0.2857,7,0,0,0,0,0
would,0.4,5,0,0,0,0,0
filferro,0.375,8,0,0,0,0,1
batre,0.4,5,0,0,0,0,1
arribar,0.4286,7,0,0,0,0,1
little,0.3333,6,0,0,0,1,0
melodia,0.5714,7,0,0,0,0,1
square,0.5,6,0,0,0,1,0
dress,0.2,5,0,0,0,0,0
clar,0.25,4,0,0,0,0,1
mina,0.5,4,0,0,0,0,1
wish,0.25,4,0,0,0,1,0
just,0.25,4,0,0,0,0,1
ràpid,0.2,5,1,0,0,0,1
port,0.25,4,0,0,0,0,0
common,0.3333,6,0,0,0,0,0
cap,0.3333,3,0,0,0,0,1
element,0.4286,7,0,0,0,0,0
electric,0.375,8,0,0,0,0,0
sal,0.3333,3,0,0,0,0,1
dad,0.3333,3,0,0,0,0,0
deal,0.5,4,0,0,0,0,0
polzades,0.375,8,0,0,0,0,1
començar,0.375,8,0,1,0,0,1
broke,0.4,5,0,0,0,0,0
tiny,0.25,4,0,0,0,0,0
sota,0.5,4,0,0,0,0,1
baix,0.5,4,0,0,0,0,1
thousand,0.375,8,0,0,0,1,0
all,0.3333,3,0,0,0,0,0
mentida,0.4286,7,0,0,0,0,1
quocient,0.5,8,0,0,0,0,1
blau,0.5,4,0,0,0,0,1
pattern,0.2857,7,0,0,0,1,0
tail,0.5,4,0,0,0,0,0
start,0.2,5,0,0,0,0,0
whose,0.4,5,0,0,0,1,0
guerra,0.5,6,0,0,0,0,1
moment,0.3333,6,0,0,0,0,1
pagar,0.4,5,0,0,0,0,1
que,0.6667,3,0,0,0,0,1
fins,0.25,4,0,0,0,0,1
unitat,0.5,6,0,0,0,0,1
instant,0.2857,7,0,0,0,0,0
ell,0.3333,3,0,0,0,0,1
premsa,0.3333,6,0,0,0,0,1
preparar,0.375,8,0,0,0,0,1
search,0.3333,6,0,0,0,1,0
edge,0.5,4,0,0,0,0,0
stay,0.25,4,0,0,0,0,0
bread,0.4,5,0,0,0,0,0
significarà,0.3636,11,1,0,0,0,1
caràcter,0.25,8,1,0,0,0,1
sortida,0.4286,7,0,0,0,0,1
cert,0.25,4,0,0,0,0,1
sembla,0.3333,6,0,0,0,0,1
shoulder,0.375,8,0,0,0,1,0
metge,0.4,5,0,0,0,0,1
carry,0.2,5,0,0,0,0,0
paraula,0.5714,7,0,0,0,0,1
also,0.5,4,0,0,0,0,0
reach,0.4,5,0,0,0,1,0
quart,0.4,5,0,0,0,0,1
joy,0.3333,3,0,0,0,0,0
directa,0.4286,7,0,0,0,0,1
certain,0.4286,7,0,0,0,0,0
heat,0.5,4,0,0,0,0,0
caure,0.6,5,0,0,0,0,1
walk,0.25,4,0,0,0,0,0
well,0.25,4,0,0,0,0,0
rub,0.3333,3,0,0,0,0,0
oh,0.5,2,0,0,0,0,0
necessitarà,0.3636,11,1,0,0,0,1
success,0.2857,7,0,0,0,0,0
gone,0.5,4,0,0,0,0,0
sucre,0.4,5,0,0,0,0,1
tipus,0.4,5,0,0,0,0,1
quite,0.6,5,0,0,0,0,0
ni,0.5,2,0,0,0,0,1
speak,0.4,5,0,0,0,0,0
front,0.2,5,0,0,0,0,0
capaç,0.4,5,0,1,0,0,1
floor,0.4,5,0,0,1,0,0
cotton,0.3333,6,0,0,0,1,0
pitch,0.2,5,0,0,0,1,0
calenta,0.4286,7,0,0,0,0,1
sentit,0.3333,6,0,0,0,0,1
cama,0.5,4,0,0,0,0,1
chart,0.2,5,0,0,0,1,0
fila,0.5,4,0,0,0,0,1
region,0.5,6,0,0,0,0,0
gel,0.3333,3,0,0,0,0,1
age,0.6667,3,0,0,0,0,0
sudden,0.3333,6,0,0,0,1,0
anar,0.5,4,0,0,0,0,1
figa,0.5,4,0,0,0,0,1
charge,0.3333,6,0,0,0,1,0
noon,0.5,4,0,0,1,0,0
cara,0.5,4,0,0,0,0,1
establir,0.375,8,0,0,0,0,1
tot,0.3333,3,0,0,0,0,1
now,0.3333,3,0,0,0,0,0
band,0.25,4,0,0,0,0,0
són,0.0,3,1,0,0,0,1
silver,0.3333,6,0,0,0,0,0
rich,0.25,4,0,0,0,1,0
farm,0.25,4,0,0,0,0,0
ascensor,0.375,8,0,0,0,0,1
support,0.2857,7,0,0,0,1,0
represent,0.3333,9,0,0,0,0,0
regió,0.4,5,1,0,0,0,1
hundred,0.2857,7,0,0,0,0,0
lay,0.3333,3,0,0,0,0,0
place,0.4,5,0,0,0,0,0
still,0.2,5,0,0,0,0,0
line,0.5,4,0,0,0,0,0
in,0.5,2,0,0,0,0,0
fet,0.3333,3,0,0,0,0,1
sigui,0.6,5,0,0,0,0,1
reunir,0.5,6,0,0,0,0,1
pocs,0.25,4,0,0,0,0,1
trouble,0.4286,7,0,0,0,0,0
especial,0.5,8,0,0,0,0,1
planta,0.3333,6,0,0,0,0,1
soil,0.5,4,0,0,0,0,0
fer,0.3333,3,0,0,0,0,1
wind,0.25,4,0,0,0,0,0
tipus,0.4,5,0,0,0,0,1
només,0.2,5,1,0,0,0,1
sabata,0.5,6,0,0,0,0,1
potser,0.3333,6,0,0,0,0,1
child,0.2,5,0,0,0,1,0
teach,0.4,5,0,0,0,1,0
poema,0.6,5,0,0,0,0,1
dollar,0.3333,6,0,0,0,0,0
liquid,0.5,6,0,0,0,0,0
product,0.2857,7,0,0,0,0,0
noun,0.5,4,0,0,0,0,0
vestit,0.3333,6,0,0,0,0,1
ell,0.3333,3,0,0,0,0,1
passat,0.3333,6,0,0,0,0,1
climb,0.2,5,0,0,0,0,0
cavall,0.3333,6,0,0,0,0,1
crop,0.25,4,0,0,0,0,0
process,0.2857,7,0,0,0,0,0
perill,0.3333,6,0,0,0,0,1
pare,0.5,4,0,0,0,0,1
feed,0.5,4,0,0,1,0,1
which,0.2,5,0,0,0,1,0
part,0.25,4,0,0,0,0,0
entre,0.4,5,0,0,0,0,1
does,0.5,4,0,0,0,0,0
governar,0.375,8,0,0,0,0,1
seva,0.5,4,0,0,0,0,1
sister,0.3333,6,0,0,0,0,0
loud,0.5,4,0,0,0,0,0
moment,0.3333,6,0,0,0,0,0
clean,0.4,5,0,0,0,0,0
happen,0.3333,6,0,0,0,1,0
forest,0.3333,6,0,0,0,0,0
street,0.3333,6,0,0,1,0,0
força,0.4,5,0,1,0,0,1
corrent,0.2857,7,0,0,0,0,1
mida,0.5,4,0,0,0,0,1
tercer,0.3333,6,0,0,0,0,1
massa,0.4,5,0,0,0,0,1
superfície,0.4,10,1,0,0,0,1
estirament,0.4,10,0,0,0,0,1
print,0.2,5,0,0,0,0,1
lletrejar,0.3333,9,0,0,0,0,1
grew,0.25,4,0,0,0,0,0
brillant,0.25,8,0,0,0,0,1
veure,0.6,5,0,0,0,0,1
oil,0.6667,3,0,0,0,0,0
occur,0.4,5,0,0,0,0,0
empènyer,0.25,8,1,0,0,0,1
triangle,0.375,8,0,0,0,0,0
negre,0.4,5,0,0,0,0,1
estrany,0.2857,7,0,0,0,0,1
llit,0.25,4,0,0,0,0,1
after,0.4,5,0,0,0,0,0
ready,0.4,5,0,0,0,0,0
near,0.5,4,0,0,0,0,0
necessary,0.3333,9,0,0,0,0,0
nens,0.25,4,0,0,0,0,1
always,0.3333,6,0,0,0,0,0
segueixi,0.625,8,0,0,0,0,1
coberta,0.4286,7,0,0,0,0,1
mort,0.25,4,0,0,0,0,1
llum,0.25,4,0,0,0,0,1
soroll,0.3333,6,0,0,0,0,1
insect,0.3333,6,0,0,0,0,0
it,0.5,2,0,0,0,0,0
thin,0.25,4,0,0,0,1,0
watch,0.2,5,0,0,0,1,0
somiar,0.5,6,0,0,0,0,1
green,0.4,5,0,0,1,0,0
oceà,0.5,4,1,0,0,0,1
nit,0.3333,3,0,0,0,0,1
bit,0.3333,3,0,0,0,0,1
nombre,0.3333,6,0,0,0,0,1
més,0.0,3,1,0,0,0,1
botiga,0.5,6,0,0,0,0,1
leave,0.6,5,0,0,0,0,0
organitzar,0.4,10,0,0,0,0,1
terra,0.4,5,0,0,0,0,1
ment,0.25,4,0,0,0,0,1
hand,0.25,4,0,0,0,0,0
people,0.5,6,0,0,0,0,0
whole,0.4,5,0,0,0,1,0
recollir,0.375,8,0,0,0,0,1
ronda,0.4,5,0,0,0,0,1
prop,0.25,4,0,0,0,0,1
pluja,0.4,5,0,0,0,0,1
groc,0.25,4,0,0,0,0,1
speech,0.3333,6,0,0,1,1,0
soldier,0.4286,7,0,0,0,0,0
sorpresa,0.375,8,0,0,0,0,1
2:00,0.0,4,0,0,0,0,1
possible,0.375,8,0,0,0,0,1
kind,0.25,4,0,0,0,0,0
acabat,0.5,6,0,0,0,0,1
millor,0.3333,6,0,0,0,0,1
oferta,0.5,6,0,0,0,0,1
son,0.3333,3,0,0,0,0,0
junts,0.2,5,0,0,0,0,1
separate,0.5,8,0,0,0,0,0
cosa,0.5,4,0,0,0,0,1
took,0.5,4,0,0,1,0,0
fun,0.3333,3,0,0,0,0,0
millor,0.3333,6,0,0,0,0,1
kill,0.25,4,0,0,0,0,0
verb,0.25,4,0,0,0,0,0
word,0.25,4,0,0,0,0,0
list,0.25,4,0,0,0,0,0
secció,0.3333,6,1,0,0,0,1
fosc,0.25,4,0,0,0,0,1
amb,0.3333,3,0,0,0,0,1
score,0.4,5,0,0,0,0,0
sure,0.5,4,0,0,0,0,0
end,0.3333,3,0,0,0,0,0
figura,0.5,6,0,0,0,0,1
will,0.25,4,0,0,0,0,0
vora,0.5,4,0,0,0,0,1
pa,0.5,2,0,0,0,0,1
minute,0.5,6,0,0,0,0,0
idea,0.75,4,0,0,0,0,0
live,0.5,4,0,0,0,0,0
if,0.5,2,0,0,0,0,0
frase,0.4,5,0,0,0,0,1
value,0.6,5,0,0,0,0,0
we,0.5,2,0,0,0,0,0
girl,0.25,4,0,0,0,0,0
seva,0.5,4,0,0,0,0,1
neta,0.5,4,0,0,0,0,1
cercle,0.3333,6,0,0,0,0,1
en,0.5,2,0,0,0,0,1
repeat,0.5,6,0,0,0,0,0
pay,0.3333,3,0,0,0,0,0
vent,0.25,4,0,0,0,0,1
especially,0.4,10,0,0,0,0,0
arbre,0.4,5,0,0,0,0,1
day,0.3333,3,0,0,0,0,0
nothing,0.2857,7,0,0,0,1,0
joc,0.3333,3,0,0,0,0,1
fet,0.3333,3,0,0,0,0,1
practice,0.375,8,0,0,0,0,0
travel,0.3333,6,0,0,0,0,0
lluita,0.5,6,0,0,0,0,1
continent,0.3333,9,0,0,0,0,1
back,0.25,4,0,0,0,1,0
table,0.4,5,0,0,0,0,0
nadó,0.25,4,1,0,0,0,1
serra,0.4,5,0,0,0,0,1
variar,0.5,6,0,0,0,0,1
six,0.3333,3,0,0,0,0,0
mesurar,0.4286,7,0,0,0,0,1
fer,0.3333,3,0,0,0,0,1
actual,0.5,6,0,0,0,0,1
nature,0.5,6,0,0,0,0,0
tenir,0.4,5,0,0,0,0,1
whether,0.2857,7,0,0,0,1,0
spot,0.25,4,0,0,0,0,0
wing,0.25,4,0,0,0,0,0
miss,0.25,4,0,0,0,0,0
sound,0.4,5,0,0,0,0,0
pensat,0.3333,6,0,0,0,0,1
dance,0.4,5,0,0,0,0,0
rest,0.25,4,0,0,0,0,0
thing,0.2,5,0,0,0,1,0
that,0.25,4,0,0,0,1,0
home,0.5,4,0,0,0,0,1
entre,0.4,5,0,0,0,0,1
stick,0.2,5,0,0,0,1,0
acord,0.4,5,0,0,0,0,1
enviat,0.5,6,0,0,0,0,1
simple,0.3333,6,0,0,0,0,0
high,0.25,4,0,0,0,1,0
string,0.1667,6,0,0,0,0,1
observe,0.4286,7,0,0,0,0,0
method,0.3333,6,0,0,0,1,0
ruptura,0.4286,7,0,0,0,0,1
protegir,0.375,8,0,0,0,0,1
segur,0.4,5,0,0,0,0,1
pàgina,0.3333,6,1,0,0,0,1
ship,0.25,4,0,0,0,1,0
gentle,0.3333,6,0,0,0,0,0
moon,0.5,4,0,0,1,0,0
que,0.6667,3,0,0,0,0,1
broad,0.4,5,0,0,0,0,0
eye,0.6667,3,0,0,0,0,0
story,0.2,5,0,0,0,0,0
animal,0.5,6,0,0,0,0,0
moderna,0.4286,7,0,0,0,0,1
example,0.4286,7,0,0,0,0,0
open,0.5,4,0,0,0,0,0
you,0.6667,3,0,0,0,0,0
ascens,0.3333,6,0,0,0,0,1
forma,0.4,5,0,0,0,0,1
ease,0.75,4,0,0,0,0,0
entrar,0.3333,6,0,0,0,0,1
dona,0.5,4,0,0,0,0,1
ella,0.5,4,0,0,0,0,1
naturalesa,0.5,10,0,0,0,0,1
dictionary,0.4,10,0,0,0,0,0
tire,0.5,4,0,0,0,0,0
ajudar,0.5,6,0,0,0,0,1
develop,0.4286,7,0,0,0,0,0
banc,0.25,4,0,0,0,0,1
crit,0.25,4,0,0,0,0,1
full,0.25,4,0,0,0,0,1
banda,0.4,5,0,0,0,0,1
hi,0.5,2,0,0,0,0,1
alegria,0.5714,7,0,0,0,0,1
allow,0.4,5,0,0,0,0,0
perhaps,0.2857,7,0,0,0,0,0
fine,0.5,4,0,0,0,0,0
si,0.5,2,0,0,0,0,1
em,0.5,2,0,0,0,0,1
molecule,0.5,8,0,0,0,0,0
escola,0.5,6,0,0,0,0,1
slow,0.25,4,0,0,0,0,0
mètode,0.3333,6,1,0,0,0,1
guiar,0.6,5,0,0,0,0,1
set,0.3333,3,0,0,0,0,0
poble,0.4,5,0,0,0,0,1
llançar,0.2857,7,0,1,0,0,1
oberta,0.5,6,0,0,0,0,1
llac,0.25,4,0,0,0,0,1
animals,0.4286,7,0,0,0,0,1
white,0.4,5,0,0,0,1,0
hour,0.5,4,0,0,0,0,0
distant,0.2857,7,0,0,0,0,0
human,0.4,5,0,0,0,0,0
camió,0.4,5,1,0,0,0,1
tree,0.5,4,0,0,1,0,0
born,0.25,4,0,0,0,0,0
captures,0.375,8,0,0,0,0,1
sentit,0.3333,6,0,0,0,0,1
fruita,0.5,6,0,0,0,0,1
ocupat,0.5,6,0,0,0,0,1
targeta,0.4286,7,0,0,0,0,1
brillantor,0.3,10,0,0,0,0,1
prop,0.25,4,0,0,0,0,1
this,0.25,4,0,0,0,1,0
abric,0.4,5,0,0,0,0,1
feel,0.5,4,0,0,1,0,0
shine,0.4,5,0,0,0,1,0
break,0.4,5,0,0,0,0,0
créixer,0.2857,7,1,0,0,0,1
aconseguir,0.5,10,0,0,0,0,1
gos,0.3333,3,0,0,0,0,1
late,0.5,4,0,0,0,0,0
riu,0.6667,3,0,0,0,0,1
guardar,0.4286,7,0,0,0,0,1
illa,0.5,4,0,0,0,0,1
river,0.4,5,0,0,0,0,0
destacat,0.375,8,0,0,0,0,1
listen,0.3333,6,0,0,0,0,0
night,0.2,5,0,0,0,1,0
engeneral,0.4444,9,0,0,0,0,1
busy,0.25,4,0,0,0,0,0
arma,0.5,4,0,0,0,0,1
pare,0.5,4,0,0,0,0,1
plaça,0.4,5,0,1,0,0,1
big,0.3333,3,0,0,0,0,0
pass,0.25,4,0,0,0,0,0
reuneixen,0.5556,9,0,0,0,0,1
sòl,0.0,3,1,0,0,0,1
cada,0.5,4,0,0,0,0,1
fresh,0.2,5,0,0,0,1,0
condition,0.4444,9,0,0,0,0,0
he,0.5,2,0,0,0,0,0
consonant,0.3333,9,0,0,0,0,1
found,0.4,5,0,0,0,0,0
igual,0.6,5,0,0,0,0,1
halar,0.4,5,0,0,0,0,1
brown,0.2,5,0,0,0,0,1
separada,0.5,8,0,0,0,0,1
stop,0.25,4,0,0,0,0,0
number,0.3333,6,0,0,0,0,0
poem,0.5,4,0,0,0,0,0
level,0.4,5,0,0,0,0,0
si,0.5,2,0,0,0,0,1
créixer,0.2857,7,1,0,0,0,1
tall,0.25,4,0,0,0,0,0
large,0.4,5,0,0,0,0,0
capturat,0.375,8,0,0,0,0,1
parlar,0.3333,6,0,0,0,0,1
measure,0.5714,7,0,0,0,0,0
equiparar,0.5556,9,0,0,0,0,1
olor,0.5,4,0,0,0,0,1
give,0.5,4,0,0,0,0,0
crowd,0.2,5,0,0,0,0,0
probable,0.375,8,0,0,0,0,1
beauty,0.5,6,0,0,0,0,0
equal,0.6,5,0,0,0,0,0
saber,0.4,5,0,0,0,0,1
operate,0.5714,7,0,0,0,0,0
mount,0.4,5,0,0,0,0,0
one,0.6667,3,0,0,0,0,0
cultius,0.4286,7,0,0,0,0,1
llarg,0.2,5,0,0,0,0,1
minuts,0.3333,6,0,0,0,0,1
town,0.25,4,0,0,0,0,0
deixar,0.5,6,0,0,0,0,1
our,0.6667,3,0,0,0,0,0
moviment,0.375,8,0,0,0,0,1
paret,0.4,5,0,0,0,0,1
salvatge,0.375,8,0,0,0,0,1
campament,0.3333,9,0,0,0,0,1
qüestió,0.2857,7,1,0,0,0,1
mateixa,0.5714,7,0,0,0,0,1
raó,0.3333,3,1,0,0,0,1
conduir,0.4286,7,0,0,0,0,1
neck,0.25,4,0,0,0,1,0
power,0.4,5,0,0,0,0,0
to,0.5,2,0,0,0,0,1
lloc,0.25,4,0,0,0,0,1
poma,0.5,4,0,0,0,0,1
were,0.5,4,0,0,0,0,0
love,0.5,4,0,0,0,0,0
hunt,0.25,4,0,0,0,0,0
so,0.5,2,0,0,0,0,1
menjar,0.3333,6,0,0,0,0,1
coll,0.25,4,0,0,0,0,1
insectes,0.375,8,0,0,0,0,1
yes,0.3333,3,0,0,0,0,0
oli,0.6667,3,0,0,0,0,1
mix,0.3333,3,0,0,0,0,0
suportar,0.375,8,0,0,0,0,1
experiment,0.4,10,0,0,0,0,1
choose,0.5,6,0,0,1,1,0
encara,0.5,6,0,0,0,0,1
comptar,0.2857,7,0,0,0,0,1
are,0.6667,3,0,0,0,0,0
difficult,0.3333,9,0,0,0,1,0
ús,0.0,2,1,0,0,0,1
saltar,0.3333,6,0,0,0,0,1
possible,0.375,8,0,0,0,0,0
vela,0.5,4,0,0,0,0,1
bastant,0.2857,7,0,0,0,0,1
industry,0.25,8,0,0,0,0,0
original,0.5,8,0,0,0,0,0
surprise,0.375,8,0,0,0,0,0
fast,0.25,4,0,0,0,0,0
cobrar,0.3333,6,0,0,0,0,1
comprovar,0.3333,9,0,0,0,0,1
que,0.6667,3,0,0,0,0,1
segur,0.4,5,0,0,0,0,1
inventar,0.375,8,0,0,0,0,1
but,0.3333,3,0,0,0,0,0
women,0.4,5,0,0,0,0,0
sol,0.3333,3,0,0,0,0,1
paper,0.4,5,0,0,0,0,1
aliments,0.375,8,0,0,0,0,1
sugar,0.4,5,0,0,0,0,0
fit,0.3333,3,0,0,0,0,0
reply,0.2,5,0,0,0,0,0
section,0.4286,7,0,0,0,0,0
sense,0.4,5,0,0,0,0,0
molt,0.25,4,0,0,0,0,1
somni,0.4,5,0,0,0,0,1
law,0.3333,3,0,0,0,0,0
certa,0.4,5,0,0,0,0,1
persones,0.375,8,0,0,0,0,1
demà,0.25,4,1,0,0,0,1
sola,0.5,4,0,0,0,0,1
metall,0.3333,6,0,0,0,0,1
nota,0.5,4,0,0,0,0,1
season,0.5,6,0,0,0,0,0
interest,0.375,8,0,0,0,0,0
must,0.25,4,0,0,0,0,0
llavors,0.2857,7,0,0,0,0,1
estat,0.4,5,0,0,0,0,1
job,0.3333,3,0,0,0,0,0
exercici,0.5,8,0,0,0,0,1
heard,0.4,5,0,0,0,0,0
estimada,0.5,8,0,0,0,0,1
trobat,0.3333,6,0,0,0,0,1
respondre,0.3333,9,0,0,0,0,1
true,0.5,4,0,0,0,0,0
hill,0.25,4,0,0,0,0,0
much,0.25,4,0,0,0,1,0
company,0.2857,7,0,0,0,0,0
cada,0.5,4,0,0,0,0,1
casa,0.5,4,0,0,0,0,1
vary,0.25,4,0,0,0,0,0
ou,1.0,2,0,0,0,0,1
idioma,0.6667,6,0,0,0,0,1
best,0.25,4,0,0,0,0,0
her,0.3333,3,0,0,0,0,0
lliura,0.5,6,0,0,0,0,1
rose,0.5,4,0,0,0,0,0
pista,0.4,5,0,0,0,0,1
fall,0.25,4,0,0,0,0,0
morning,0.2857,7,0,0,0,0,0
determine,0.4444,9,0,0,0,0,0
fill,0.25,4,0,0,0,0,1
been,0.5,4,0,0,1,0,0
pintar,0.3333,6,0,0,0,0,1
canvi,0.4,5,0,0,0,0,1
noise,0.6,5,0,0,0,0,0
córrer,0.1667,6,1,0,0,0,1
held,0.25,4,0,0,0,0,0
figure,0.5,6,0,0,0,0,0
principal,0.3333,9,0,0,0,0,1
resta,0.4,5,0,0,0,0,1
seva,0.5,4,0,0,0,0,1
contra,0.3333,6,0,0,0,0,1
map,0.3333,3,0,0,0,0,0
verd,0.25,4,0,0,0,0,1
forat,0.4,5,0,0,0,0,1
never,0.4,5,0,0,0,0,0
ciutat,0.5,6,0,0,0,0,1
desert,0.3333,6,0,0,0,0,0
calenta,0.4286,7,0,0,0,0,1
need,0.5,4,0,0,1,0,0
continent,0.3333,9,0,0,0,0,0
market,0.3333,6,0,0,0,0,0
corn,0.25,4,0,0,0,0,0
vista,0.4,5,0,0,0,0,1
soon,0.5,4,0,0,1,0,0
flor,0.25,4,0,0,0,0,1
caràcter,0.25,8,1,0,0,0,1
so,0.5,2,0,0,0,0,0
country,0.2857,7,0,0,0,0,0
such,0.25,4,0,0,0,1,0
grand,0.2,5,0,0,0,0,0
plain,0.4,5,0,0,0,0,0
full,0.25,4,0,0,0,0,0
body,0.25,4,0,0,0,0,0
equate,0.6667,6,0,0,0,0,0
és,0.0,2,1,0,0,0,1
wash,0.25,4,0,0,0,1,0
noia,0.75,4,0,0,0,0,1
million,0.4286,7,0,0,0,0,0
face,0.5,4,0,0,0,0,0
fig,0.3333,3,0,0,0,0,0
equip,0.6,5,0,0,0,0,1
fa,0.5,2,0,0,0,0,1
substància,0.3,10,1,0,0,0,1
fat,0.3333,3,0,0,0,0,0
red,0.3333,3,0,0,0,0,0
nor,0.3333,3,0,0,0,0,0
regla,0.4,5,0,0,0,0,1
chief,0.4,5,0,0,0,1,0
enter,0.4,5,0,0,0,0,0
several,0.4286,7,0,0,0,0,0
single,0.3333,6,0,0,0,0,0
afraid,0.5,6,0,0,0,0,0
spoke,0.4,5,0,0,0,0,0
mark,0.25,4,0,0,0,0,0
agut,0.5,4,0,0,0,0,1
thank,0.2,5,0,0,0,1,0
en,0.5,2,0,0,0,0,1
strange,0.2857,7,0,0,0,0,0
fly,0.0,3,0,0,0,0,0
differ,0.3333,6,0,0,0,1,0
multitud,0.375,8,0,0,0,0,1
experiència,0.4545,11,1,0,0,0,1
summer,0.3333,6,0,0,0,0,0
nostra,0.3333,6,0,0,0,0,1
finish,0.3333,6,0,0,0,1,0
tall,0.25,4,0,0,0,0,1
segle,0.4,5,0,0,0,0,1
poc,0.3333,3,0,0,0,0,1
terra,0.4,5,0,0,0,0,1
setmana,0.4286,7,0,0,0,0,1
arrel,0.4,5,0,0,0,0,1
ice,0.6667,3,0,0,0,0,0
material,0.5,8,0,0,0,0,0
creuar,0.5,6,0,0,0,0,1
rica,0.5,4,0,0,0,0,1
design,0.3333,6,0,0,0,0,0
cat,0.3333,3,0,0,0,0,1
begin,0.4,5,0,0,0,0,0
depend,0.3333,6,0,0,0,0,0
bat,0.3333,3,0,0,0,0,1
ser,0.3333,3,0,0,0,0,1
completa,0.375,8,0,0,0,0,1
truck,0.2,5,0,0,0,1,0
base,0.5,4,0,0,0,0,0
mai,0.6667,3,0,0,0,0,1
deep,0.5,4,0,0,1,0,0
gris,0.25,4,0,0,0,0,1
city,0.25,4,0,0,0,0,0
aire,0.75,4,0,0,0,0,1
sit,0.3333,3,0,0,0,0,0
magnet,0.3333,6,0,0,0,0,0
naturals,0.375,8,0,0,0,0,1
same,0.5,4,0,0,0,0,0
costa,0.4,5,0,0,0,0,1
captain,0.4286,7,0,0,0,0,0
behind,0.3333,6,0,0,0,0,0
your,0.5,4,0,0,0,0,0
ride,0.5,4,0,0,0,0,0
wrote,0.4,5,0,0,0,1,0
join,0.5,4,0,0,0,0,0
problema,0.375,8,0,0,0,0,1
size,0.5,4,0,0,0,0,0
alguns,0.3333,6,0,0,0,0,1
dear,0.5,4,0,0,0,0,0
última,0.3333,6,1,0,0,0,1
part,0.25,4,0,0,0,0,1
basic,0.4,5,0,0,0,0,0
prove,0.4,5,0,0,0,0,0
event,0.4,5,0,0,0,0,0
form,0.25,4,0,0,0,0,0
cura,0.5,4,0,0,0,0,1
estudiant,0.4444,9,0,0,0,0,1
ear,0.6667,3,0,0,0,0,0
sheet,0.4,5,0,0,1,1,0
senyoreta,0.4444,9,0,0,0,0,1
proporcionar,0.4167,12,0,0,0,0,1
born,0.25,4,0,0,0,0,1
suficient,0.4444,9,0,0,0,0,1
bird,0.25,4,0,0,0,0,0
get,0.3333,3,0,0,0,0,0
conjunt,0.2857,7,0,0,0,0,1
jardí,0.2,5,1,0,0,0,1
cotó,0.25,4,1,0,0,0,1
play,0.25,4,0,0,0,0,0
planeta,0.4286,7,0,0,0,0,1
quota,0.6,5,0,0,0,0,1
decimal,0.4286,7,0,0,0,0,0
anger,0.4,5,0,0,0,0,0
melody,0.3333,6,0,0,0,0,0
pressa,0.3333,6,0,0,0,0,1
sovint,0.3333,6,0,0,0,0,1
representar,0.3636,11,0,0,0,0,1
requerir,0.5,8,0,0,0,0,1
peus,0.5,4,0,0,0,0,1
govern,0.3333,6,0,0,0,0,0
present,0.2857,7,0,0,0,0,0
current,0.2857,7,0,0,0,0,0
had,0.3333,3,0,0,0,0,0
terreny,0.2857,7,0,0,0,0,1
escriure,0.5,8,0,0,0,1,1
granja,0.3333,6,0,0,0,0,1
off,0.3333,3,0,0,0,1,0
no,0.5,2,0,0,0,0,1
bretxa,0.3333,6,0,0,0,0,1
excepte,0.4286,7,0,0,0,0,1
language,0.5,8,0,0,0,0,0
felt,0.25,4,0,0,0,0,0
rentat,0.3333,6,0,0,0,0,1
edat,0.5,4,0,0,0,0,1
encara,0.5,6,0,0,0,0,1
peça,0.5,4,0,1,0,0,1
metal,0.4,5,0,0,0,0,0
dream,0.4,5,0,0,0,0,0
dependrà,0.25,8,1,0,0,0,1
degree,0.5,6,0,0,1,0,0
trade,0.4,5,0,0,0,0,0
proper,0.3333,6,0,0,0,0,0
unitat,0.5,6,0,0,0,0,1
milk,0.25,4,0,0,0,0,0
dark,0.25,4,0,0,0,0,0
step,0.25,4,0,0,0,0,0
suit,0.5,4,0,0,0,0,0
contenir,0.375,8,0,0,0,0,1
pare,0.5,4,0,0,0,0,1
ull,0.3333,3,0,0,0,0,1
portar,0.3333,6,0,0,0,0,1
quadre,0.5,6,0,0,0,0,1
thus,0.25,4,0,0,0,1,0
smile,0.4,5,0,0,0,1,0
every,0.4,5,0,0,0,0,0
anys,0.25,4,0,0,0,0,1
estrella,0.375,8,0,0,0,0,1
only,0.25,4,0,0,0,0,0
two,0.3333,3,0,0,0,1,0
exacta,0.5,6,0,0,0,0,1
rope,0.5,4,0,0,0,0,0
bat,0.3333,3,0,0,0,0,0
written,0.2857,7,0,0,0,1,0
rather,0.3333,6,0,0,0,1,0
molècula,0.375,8,1,0,0,0,1
valley,0.3333,6,0,0,0,0,0
fill,0.25,4,0,0,0,0,0
posar,0.4,5,0,0,0,0,1
sud,0.3333,3,0,0,0,0,1
treball,0.2857,7,0,0,0,0,1
burn,0.25,4,0,0,0,0,0
stretch,0.1429,7,0,0,0,1,0
come,0.5,4,0,0,0,0,0
double,0.5,6,0,0,0,0,0
indústria,0.3333,9,1,0,0,0,1
només,0.2,5,1,0,0,0,1
viure,0.6,5,0,0,0,0,1
passar,0.3333,6,0,0,0,0,1
instrument,0.3,10,0,0,0,0,0
chord,0.2,5,0,0,0,1,0
reason,0.5,6,0,0,0,0,0
seca,0.5,4,0,0,0,0,1
die,0.6667,3,0,0,0,0,0
escala,0.5,6,0,0,0,0,1
tant,0.25,4,0,0,0,0,1
feet,0.5,4,0,0,1,0,0
bellesa,0.4286,7,0,0,0,0,1
aturi,0.6,5,0,0,0,0,1
esperar,0.4286,7,0,0,0,0,1
thought,0.2857,7,0,0,0,1,0
causa,0.6,5,0,0,0,0,1
flower,0.3333,6,0,0,0,0,0
necessari,0.4444,9,0,0,0,0,1
èxit,0.25,4,1,0,0,0,1
líquid,0.3333,6,1,0,0,0,1
parlar,0.3333,6,0,0,0,0,1
caure,0.6,5,0,0,0,0,1
poder,0.4,5,0,0,0,0,1
verb,0.25,4,0,0,0,0,1
enough,0.5,6,0,0,0,0,0
ells,0.25,4,0,0,0,0,1
baby,0.25,4,0,0,0,0,0
pretty,0.1667,6,0,0,0,1,0
determinar,0.4,10,0,0,0,0,1
complete,0.375,8,0,0,0,0,0
ciència,0.4286,7,1,0,0,0,1
restar,0.3333,6,0,0,0,0,1
run,0.3333,3,0,0,0,0,1
alta,0.5,4,0,0,0,0,1
second,0.3333,6,0,0,0,0,0
clothe,0.3333,6,0,0,0,1,0
comprar,0.2857,7,0,0,0,0,1
add,0.3333,3,0,0,0,1,0
sleep,0.4,5,0,0,1,0,0
mà,0.0,2,1,0,0,0,1
want,0.25,4,0,0,0,0,0
wire,0.5,4,0,0,0,0,0
north,0.2,5,0,0,0,1,0
move,0.5,4,0,0,0,0,0
glass,0.2,5,0,0,0,0,0
dansa,0.4,5,0,0,0,0,1
mes,0.3333,3,0,0,0,0,1
wheel,0.4,5,0,0,1,1,0
stood,0.4,5,0,0,1,0,0
pitch,0.2,5,0,0,0,1,1
ho,0.5,2,0,0,0,0,1
mentre,0.3333,6,0,0,0,0,1
que,0.6667,3,0,0,0,0,1
sota,0.5,4,0,0,0,0,1
neighbor,0.375,8,0,0,0,1,0
new,0.3333,3,0,0,0,0,0
to,0.5,2,0,0,0,0,0
comú,0.25,4,1,0,0,0,1
ball,0.25,4,0,0,0,0,0
bona,0.5,4,0,0,0,0,1
mar,0.3333,3,0,0,0,0,1
germana,0.4286,7,0,0,0,0,1
letter,0.3333,6,0,0,0,1,0
state,0.4,5,0,0,0,0,0
aigua,0.8,5,0,0,0,0,1
omplir,0.3333,6,0,0,0,0,1
person,0.3333,6,0,0,0,0,0
duck,0.25,4,0,0,0,1,0
stone,0.4,5,0,0,0,0,0
difícil,0.2857,7,1,0,0,0,1
tractar,0.2857,7,0,0,0,0,1
sign,0.25,4,0,0,0,0,0
crear,0.4,5,0,0,0,0,1
pla,0.3333,3,0,0,0,0,1
vida,0.5,4,0,0,0,0,1
anomenada,0.5556,9,0,0,0,0,1
oest,0.5,4,0,0,0,0,1
read,0.5,4,0,0,0,0,0
xerrada,0.4286,7,0,0,0,0,1
tals,0.25,4,0,0,0,0,1
solve,0.4,5,0,0,0,0,0
diferir,0.4286,7,0,0,0,0,1
aquest,0.5,6,0,0,0,0,1
energia,0.5714,7,0,0,0,0,1
termini,0.4286,7,0,0,0,0,1
evening,0.4286,7,0,0,0,0,0
vi,0.5,2,0,0,0,0,1
segment,0.2857,7,0,0,0,0,0
piece,0.6,5,0,0,0,0,0
bed,0.3333,3,0,0,0,0,0
decide,0.5,6,0,0,0,0,0
cold,0.25,4,0,0,0,0,0
might,0.2,5,0,0,0,1,0
home,0.5,4,0,0,0,0,0
round,0.4,5,0,0,0,0,0
water,0.4,5,0,0,0,0,0
capità,0.3333,6,1,0,0,0,1
dia,0.6667,3,0,0,0,0,1
objecte,0.4286,7,0,0,0,0,1
carrera,0.4286,7,0,0,0,0,1
cry,0.0,3,0,0,0,0,0
box,0.3333,3,0,0,0,0,0
definitiva,0.5,10,0,0,0,0,1
taula,0.6,5,0,0,0,0,1
nedar,0.4,5,0,0,0,0,1
key,0.3333,3,0,0,0,0,0
claim,0.4,5,0,0,0,0,0
suggest,0.2857,7,0,0,0,1,0
know,0.25,4,0,0,0,1,0
period,0.5,6,0,0,0,0,0
vall,0.25,4,0,0,0,0,1
somriure,0.5,8,0,0,0,0,1
el,0.5,2,0,0,0,0,1
recta,0.4,5,0,0,0,0,1
hot,0.3333,3,0,0,0,0,0
drive,0.4,5,0,0,0,0,0
rise,0.5,4,0,0,0,0,0
held,0.25,4,0,0,0,0,1
pedra,0.4,5,0,0,0,0,1
warm,0.25,4,0,0,0,0,0
cut,0.3333,3,0,0,0,0,0
roda,0.5,4,0,0,0,0,1
she,0.3333,3,0,0,0,1,0
store,0.4,5,0,0,0,0,0
nord,0.25,4,0,0,0,0,1
through,0.2857,7,0,0,0,1,0
up,0.5,2,0,0,0,0,0
more,0.5,4,0,0,0,0,0
ground,0.3333,6,0,0,0,0,0
recollir,0.375,8,0,0,0,0,1
blatdemoro,0.4,10,0,0,0,0,1
esdeveniment,0.4167,12,0,0,0,0,1
instrument,0.3,10,0,0,0,0,1
resoldre,0.375,8,0,0,0,0,1
parent,0.3333,6,0,0,0,0,0
call,0.25,4,0,0,0,0,0
top,0.3333,3,0,0,0,0,0
acer,0.5,4,0,0,0,0,1
també,0.2,5,1,0,0,0,1
solitari,0.5,8,0,0,0,0,1
sent,0.25,4,0,0,0,0,0
unir-se,0.4286,7,0,0,0,0,1
chick,0.2,5,0,0,0,1,0
made,0.5,4,0,0,0,0,0
molt,0.25,4,0,0,0,0,1
sobre,0.4,5,0,0,0,0,1
chair,0.4,5,0,0,0,1,0
populate,0.5,8,0,0,0,0,0
school,0.3333,6,0,0,1,1,0
how,0.3333,3,0,0,0,0,0
do,0.5,2,0,0,0,0,0
instantània,0.3636,11,1,0,0,0,1
bought,0.3333,6,0,0,0,0,0
gruix,0.4,5,0,0,0,0,1
order,0.4,5,0,0,0,0,0
mai,0.6667,3,0,0,0,0,1
branch,0.1667,6,0,0,0,1,0
low,0.3333,3,0,0,0,0,0
cor,0.3333,3,0,0,0,0,1
connect,0.2857,7,0,0,0,0,0
ten,0.3333,3,0,0,0,0,0
wait,0.5,4,0,0,0,0,0
locate,0.5,6,0,0,0,0,0
rock,0.25,4,0,0,0,1,0
haurà,0.4,5,1,0,0,0,1
mean,0.5,4,0,0,0,0,0
for,0.3333,3,0,0,0,0,0
position,0.5,8,0,0,0,0,0
island,0.3333,6,0,0,0,0,0
sun,0.3333,3,0,0,0,0,0
pesada,0.5,6,0,0,0,0,1
ocean,0.6,5,0,0,0,0,0
sky,0.0,3,0,0,0,1,0
raise,0.6,5,0,0,0,0,0
year,0.5,4,0,0,0,0,0
shall,0.2,5,0,0,0,1,0
prepare,0.4286,7,0,0,0,0,0
port,0.25,4,0,0,0,0,1
divisió,0.4286,7,1,0,0,0,1
materials,0.4444,9,0,0,0,0,1
card,0.25,4,0,0,0,0,0
efecte,0.5,6,0,0,0,0,1
afegir,0.5,6,0,0,0,0,1
arrive,0.5,6,0,0,0,0,0
far,0.3333,3,0,0,0,0,0
path,0.25,4,0,0,0,1,0
acord,0.4,5,0,0,0,0,1
fa,0.5,2,0,0,0,0,1
select,0.3333,6,0,0,0,0,0
suport,0.3333,6,0,0,0,0,1
remember,0.375,8,0,0,0,0,0
rei,0.6667,3,0,0,0,0,1
believe,0.5714,7,0,0,0,0,0
once,0.5,4,0,0,0,0,0
push,0.25,4,0,0,0,1,0
buy,0.3333,3,0,0,0,0,0
symbol,0.1667,6,0,0,0,0,0
viatge,0.5,6,0,0,0,0,1
preguntar,0.3333,9,0,0,0,0,1
kept,0.25,4,0,0,0,0,0
seem,0.5,4,0,0,1,0,0
strong,0.1667,6,0,0,0,0,0
crit,0.25,4,0,0,0,0,1
king,0.25,4,0,0,0,0,0
special,0.4286,7,0,0,0,0,0
tool,0.5,4,0,0,1,0,0
very,0.25,4,0,0,0,0,0
si,0.5,2,0,0,0,0,1
nas,0.3333,3,0,0,0,0,1
a,1.0,1,0,0,0,0,1
said,0.5,4,0,0,0,0,0
look,0.5,4,0,0,1,0,0
espectacle,0.4,10,0,0,0,0,1
divide,0.5,6,0,0,0,0,0
imaginar,0.5,8,0,0,0,0,1
serve,0.4,5,0,0,0,0,0
pull,0.25,4,0,0,0,0,0
yet,0.3333,3,0,0,0,0,0
brown,0.2,5,0,0,0,0,0
opposite,0.5,8,0,0,0,1,0
consonant,0.3333,9,0,0,0,0,0
com,0.3333,3,0,0,0,0,1
aprendre,0.375,8,0,0,0,0,1
colony,0.3333,6,0,0,0,0,0
produir,0.4286,7,0,0,0,0,1
valor,0.4,5,0,0,0,0,1
time,0.5,4,0,0,0,0,0
inici,0.6,5,0,0,0,0,1
study,0.2,5,0,0,0,0,0
apareixerà,0.5,10,1,0,0,0,1
superior,0.5,8,0,0,0,0,1
brought,0.2857,7,0,0,0,0,0
observar,0.375,8,0,0,0,0,1
uncop,0.4,5,0,0,0,0,1
resultat,0.375,8,0,0,0,0,1
bank,0.25,4,0,0,0,0,0
talk,0.25,4,0,0,0,0,0
velocitat,0.4444,9,0,0,0,0,1
pas,0.3333,3,0,0,0,0,1
tipus,0.4,5,0,0,0,0,1
meet,0.5,4,0,0,1,0,0
just,0.25,4,0,0,0,0,0
trencar,0.2857,7,0,0,0,0,1
wear,0.5,4,0,0,0,0,0
else,0.5,4,0,0,0,0,0
month,0.2,5,0,0,0,1,0
soldat,0.3333,6,0,0,0,0,1
peixos,0.5,6,0,0,0,0,1
estimar,0.4286,7,0,0,0,0,1
multiplicar,0.3636,11,0,0,0,0,1
elèctrica,0.3333,9,1,0,0,0,1
describe,0.375,8,0,0,0,1,0
middle,0.3333,6,0,0,0,1,0
check,0.2,5,0,0,0,1,0
create,0.5,6,0,0,0,0,0
anat,0.5,4,0,0,0,0,1
permetre,0.375,8,0,0,0,0,1
cat,0.3333,3,0,0,0,0,0
bosc,0.25,4,0,0,0,0,1
costat,0.3333,6,0,0,0,0,1
per,0.3333,3,0,0,0,0,1
triangle,0.375,8,0,0,0,0,1
connectar,0.3333,9,0,0,0,0,1
acte,0.5,4,0,0,0,0,1
ask,0.3333,3,0,0,0,1,0
substantiu,0.4,10,0,0,0,0,1
com,0.3333,3,0,0,0,0,1
veu,0.6667,3,0,0,0,0,1
expect,0.3333,6,0,0,0,0,0
seva,0.5,4,0,0,0,0,1
type,0.25,4,0,0,0,0,0
lenta,0.4,5,0,0,0,0,1
oposada,0.5714,7,0,0,0,0,1
trip,0.25,4,0,0,0,0,0
molt,0.25,4,0,0,0,0,1
oxigen,0.5,6,0,0,0,0,1
enorme,0.5,6,0,0,0,0,1
print,0.2,5,0,0,0,0,0
oxygen,0.3333,6,0,0,0,0,0
veualta,0.5714,7,0,0,0,0,1
division,0.5,8,0,0,0,0,0
atom,0.5,4,0,0,0,0,0
riure,0.6,5,0,0,0,0,1
colour,0.5,6,0,0,0,0,0
porta,0.4,5,0,0,0,0,1
thick,0.2,5,0,0,0,1,0
though,0.3333,6,0,0,0,1,0
view,0.5,4,0,0,0,0,0
case,0.5,4,0,0,0,0,0
three,0.4,5,0,0,1,1,0
diccionari,0.5,10,0,0,0,0,1
acte,0.5,4,0,0,0,0,1
primavera,0.4444,9,0,0,0,0,1
young,0.4,5,0,0,0,0,0
got,0.3333,3,0,0,0,0,0
other,0.4,5,0,0,0,1,0
aquest,0.5,6,0,0,0,0,1
led,0.3333,3,0,0,0,0,0
servir,0.3333,6,0,0,0,0,1
música,0.3333,6,1,0,0,0,1
fire,0.5,4,0,0,0,0,0
five,0.5,4,0,0,0,0,0
posició,0.4286,7,1,0,0,0,1
saw,0.3333,3,0,0,0,0,0
by,0.0,2,0,0,0,0,0
children,0.25,8,0,0,0,1,0
missatge,0.375,8,0,0,0,0,1
marca,0.4,5,0,0,0,0,1
pneumàtics,0.3,10,1,0,0,0,1
meu,0.6667,3,0,0,0,0,1
fracció,0.2857,7,1,0,0,0,1
compare,0.4286,7,0,0,0,0,0
signe,0.4,5,0,0,0,0,1
smell,0.2,5,0,0,0,1,0
blanc,0.2,5,0,0,0,0,1
sentit,0.3333,6,0,0,0,0,1
enemic,0.5,6,0,0,0,0,1
produeix,0.5,8,0,0,0,0,1
life,0.5,4,0,0,0,0,0
no,0.5,2,0,0,0,0,1
flat,0.25,4,0,0,0,0,0
sorra,0.4,5,0,0,0,0,1
cellular,0.375,8,0,0,0,0,1
fresc,0.2,5,0,0,0,0,1
shoe,0.5,4,0,0,0,1,0
touch,0.4,5,0,0,0,1,0
fraction,0.375,8,0,0,0,0,0
shore,0.4,5,0,0,0,1,0
salt,0.25,4,0,0,0,0,0
matar,0.4,5,0,0,0,0,1
mil,0.3333,3,0,0,0,0,1
escrit,0.3333,6,0,0,0,1,1
amic,0.5,4,0,0,0,0,1
pair,0.5,4,0,0,0,0,0
history,0.2857,7,0,0,0,0,0
learn,0.4,5,0,0,0,0,0
make,0.5,4,0,0,0,0,0
pis,0.3333,3,0,0,0,0,1
plan,0.25,4,0,0,0,0,0
eat,0.6667,3,0,0,0,0,0
voler,0.4,5,0,0,0,0,1
cent,0.25,4,0,0,0,0,1
meat,0.5,4,0,0,0,0,0
sight,0.2,5,0,0,0,1,0
string,0.1667,6,0,0,0,0,0
món,0.0,3,1,0,0,0,1
vaca,0.5,4,0,0,0,0,1
plec,0.25,4,0,0,0,0,1
cop,0.3333,3,0,0,0,0,1
pregunta,0.375,8,0,0,0,0,1
finestra,0.375,8,0,0,0,0,1
track,0.2,5,0,0,0,1,0
arrange,0.4286,7,0,0,0,0,0
morir,0.4,5,0,0,0,0,1
ring,0.25,4,0,0,0,0,0
període,0.4286,7,1,0,0,0,1
weather,0.4286,7,0,0,0,1,0
during,0.3333,6,0,0,0,0,0
sharp,0.2,5,0,0,0,1,0
fi,0.5,2,0,0,0,0,1
curs,0.25,4,0,0,0,0,1
contain,0.4286,7,0,0,0,0,0
has,0.3333,3,0,0,0,0,0
window,0.3333,6,0,0,0,0,0
os,0.5,2,0,0,0,0,1
diversos,0.375,8,0,0,0,0,1
dir,0.3333,3,0,0,0,0,1
punt,0.25,4,0,0,0,0,1
slip,0.25,4,0,0,0,0,0
lie,0.6667,3,0,0,0,0,0
rebre,0.4,5,0,0,0,0,1
ala,0.6667,3,0,0,0,0,1
plant,0.2,5,0,0,0,0,0
però,0.25,4,1,0,0,0,1
glad,0.25,4,0,0,0,0,0
cloud,0.4,5,0,0,0,0,0
test,0.25,4,0,0,0,0,0
vaixell,0.4286,7,0,0,0,0,1
família,0.4286,7,1,0,0,0,1
discurs,0.2857,7,0,0,0,0,1
sufix,0.4,5,0,0,0,0,1
lliure,0.5,6,0,0,0,0,1
gran,0.25,4,0,0,0,0,1
chick,0.2,5,0,0,0,1,1
press,0.2,5,0,0,0,0,0
base,0.5,4,0,0,0,0,1
grow,0.25,4,0,0,0,0,0
comprat,0.2857,7,0,0,0,0,1
passeig,0.4286,7,0,0,0,0,1
could,0.4,5,0,0,0,0,0
sistema,0.4286,7,0,0,0,0,1
let,0.3333,3,0,0,0,0,0
prendre,0.2857,7,0,0,0,0,1
either,0.5,6,0,0,0,1,0
bar,0.3333,3,0,0,0,0,0
hores,0.4,5,0,0,0,0,1
propi,0.4,5,0,0,0,0,1
father,0.3333,6,0,0,0,1,0
lift,0.25,4,0,0,0,0,0
partit,0.3333,6,0,0,0,0,1
distant,0.2857,7,0,0,0,0,1
fina,0.5,4,0,0,0,0,1
please,0.5,6,0,0,0,0,0
plata,0.4,5,0,0,0,0,1
ocell,0.4,5,0,0,0,0,1
work,0.25,4,0,0,0,0,0
procés,0.1667,6,1,0,0,0,1
decidir,0.4286,7,0,0,0,0,1
question,0.5,8,0,0,0,0,0
augmentar,0.4444,9,0,0,0,0,1
past,0.25,4,0,0,0,0,0
abans,0.4,5,0,0,0,0,1
i,1.0,1,0,0,0,0,1
suffix,0.3333,6,0,0,0,1,0
root,0.5,4,0,0,1,0,0
fruit,0.4,5,0,0,0,0,0
horse,0.4,5,0,0,0,0,0
ha,0.5,2,0,0,0,0,1
friend,0.3333,6,0,0,0,0,0
colpejar,0.375,8,0,0,0,0,1
mind,0.25,4,0,0,0,0,0
localitzar,0.4,10,0,0,0,0,1
passeig,0.4286,7,0,0,0,0,1
escoltar,0.375,8,0,0,0,0,1
lluna,0.4,5,0,0,0,0,1
ran,0.3333,3,0,0,0,0,0
character,0.3333,9,0,0,0,1,0
núvol,0.2,5,1,0,0,0,1
boca,0.5,4,0,0,0,0,1
empat,0.4,5,0,0,0,0,1
segon,0.4,5,0,0,0,0,1
coat,0.5,4,0,0,0,0,0
neu,0.6667,3,0,0,0,0,1
those,0.4,5,0,0,0,1,0
pensar,0.3333,6,0,0,0,0,1
house,0.6,5,0,0,0,0,0
famosa,0.5,6,0,0,0,0,1
tarda,0.4,5,0,0,0,0,1
twenty,0.1667,6,0,0,0,1,0
fight,0.2,5,0,0,0,1,0
silenci,0.4286,7,0,0,0,0,1
color,0.4,5,0,0,0,0,1
acord,0.4,5,0,0,0,0,1
gràcies,0.2857,7,1,0,0,0,1
since,0.4,5,0,0,0,0,0
invent,0.3333,6,0,0,0,0,0
greix,0.4,5,0,0,0,0,1
suau,0.75,4,0,0,0,0,1
hear,0.5,4,0,0,0,0,0
condició,0.375,8,1,0,0,0,1
week,0.5,4,0,0,1,0,0
fish,0.25,4,0,0,0,1,0
faria,0.6,5,0,0,0,0,1
pound,0.4,5,0,0,0,0,0
say,0.3333,3,0,0,0,0,0
vista,0.4,5,0,0,0,0,1
gather,0.3333,6,0,0,0,1,0
radio,0.6,5,0,0,0,0,0
multiply,0.25,8,0,0,0,0,0
any,0.3333,3,0,0,0,0,0
point,0.4,5,0,0,0,0,0
include,0.4286,7,0,0,0,0,0
usual,0.6,5,0,0,0,0,0
important,0.3333,9,0,0,0,0,1
appear,0.5,6,0,0,0,1,0
hole,0.5,4,0,0,0,0,0
go,0.5,2,0,0,0,0,0
muntatge,0.375,8,0,0,0,0,1
am,0.5,2,0,0,0,0,1
grass,0.2,5,0,0,0,0,0
way,0.3333,3,0,0,0,0,0
seven,0.4,5,0,0,0,0,0
hope,0.5,4,0,0,0,0,0
menys,0.2,5,0,0,0,0,1
agree,0.6,5,0,0,1,0,0
guess,0.4,5,0,0,0,0,0
hit,0.3333,3,0,0,0,0,0
huge,0.5,4,0,0,0,0,0
out,0.6667,3,0,0,0,0,0
eight,0.4,5,0,0,0,1,0
exercise,0.5,8,0,0,0,0,0
column,0.3333,6,0,0,0,0,0
deixar,0.5,6,0,0,0,0,1
endavant,0.375,8,0,0,0,0,1
think,0.2,5,0,0,0,1,0
matter,0.3333,6,0,0,0,1,0
change,0.3333,6,0,0,0,1,0
seat,0.5,4,0,0,0,0,0
flow,0.25,4,0,0,0,0,0
west,0.25,4,0,0,0,0,0
nen,0.3333,3,0,0,0,0,1
care,0.5,4,0,0,0,0,0
segment,0.2857,7,0,0,0,0,1
cook,0.5,4,0,0,1,0,0
log,0.3333,3,0,0,0,0,1
produce,0.4286,7,0,0,0,0,0
dones,0.4,5,0,0,0,0,1
master,0.3333,6,0,0,0,0,0
keep,0.5,4,0,0,1,0,0
family,0.3333,6,0,0,0,0,0
lloc,0.25,4,0,0,0,0,1
party,0.2,5,0,0,0,0,0
desenvolupar,0.4167,12,0,0,0,0,1
escriure,0.5,8,0,0,0,1,1
answer,0.3333,6,0,0,0,1,0
quan,0.5,4,0,0,0,0,1
cause,0.6,5,0,0,0,0,0
experiment,0.4,10,0,0,0,0,0
similar,0.4286,7,0,0,0,0,0
jump,0.25,4,0,0,0,0,0
or,0.5,2,0,0,0,0,0
buscar,0.3333,6,0,0,0,0,1
down,0.25,4,0,0,0,0,0
quotient,0.5,8,0,0,0,0,0
cerca,0.4,5,0,0,0,0,1
màquina,0.4286,7,1,0,0,0,1
blood,0.4,5,0,0,1,0,0
altres,0.3333,6,0,0,0,0,1
phrase,0.3333,6,0,0,0,1,0
des,0.3333,3,0,0,0,0,1
poor,0.5,4,0,0,1,0,0
chance,0.3333,6,0,0,0,1,0
estat,0.4,5,0,0,0,0,1
music,0.4,5,0,0,0,0,0
similars,0.375,8,0,0,0,0,1
third,0.2,5,0,0,0,1,0
winter,0.3333,6,0,0,0,0,0
swim,0.25,4,0,0,0,1,0
suggerir,0.375,8,0,0,0,1,1
wood,0.5,4,0,0,1,0,0
few,0.3333,3,0,0,0,0,0
while,0.4,5,0,0,0,1,0
por,0.3333,3,0,0,0,0,1
nivell,0.3333,6,0,0,0,0,1
carretera,0.4444,9,0,0,0,0,1
còpia,0.4,5,1,0,0,0,1
jove,0.5,4,0,0,0,0,1
left,0.25,4,0,0,0,0,0
danger,0.3333,6,0,0,0,0,0
migdia,0.5,6,0,0,0,0,1
often,0.4,5,0,0,0,0,0
song,0.25,4,0,0,0,0,0
heavy,0.4,5,0,0,0,0,0
la,0.5,2,0,0,0,0,1
mass,0.25,4,0,0,0,0,0
subministrament,0.3333,15,0,0,0,0,1
center,0.3333,6,0,0,0,0,0
riba,0.5,4,0,0,0,0,1
intèrpret,0.2222,9,1,0,0,0,1
edat,0.5,4,0,0,0,0,1
knew,0.25,4,0,0,0,1,0
his,0.3333,3,0,0,0,0,0
altura,0.5,6,0,0,0,0,1
era,0.6667,3,0,0,0,0,1
prova,0.4,5,0,0,0,0,1
petit,0.4,5,0,0,0,0,1
crease,0.5,6,0,0,0,0,0
perdut,0.3333,6,0,0,0,0,1
run,0.3333,3,0,0,0,0,0
stream,0.3333,6,0,0,0,0,0
board,0.4,5,0,0,0,0,0
fins,0.25,4,0,0,0,0,1
còlera,0.3333,6,1,0,0,0,1
àtom,0.25,4,1,0,0,0,1
estació,0.4286,7,1,0,0,0,1
mother,0.3333,6,0,0,0,1,0
wild,0.25,4,0,0,0,0,0
carta,0.4,5,0,0,0,0,1
botiga,0.5,6,0,0,0,0,1
rain,0.5,4,0,0,0,0,0
camp,0.25,4,0,0,0,0,0
boat,0.5,4,0,0,0,0,0
when,0.25,4,0,0,0,1,0
té,0.0,2,1,0,0,0,1
llei,0.5,4,0,0,0,0,1
dret,0.25,4,0,0,0,0,1
excite,0.5,6,0,0,0,0,0
property,0.25,8,0,0,0,0,0
syllable,0.25,8,0,0,0,0,0
jugar,0.4,5,0,0,0,0,1
significarà,0.3636,11,1,0,0,0,1
blow,0.25,4,0,0,0,0,0
him,0.3333,3,0,0,0,0,0
these,0.4,5,0,0,0,1,0
por,0.3333,3,0,0,0,0,1
sabia,0.6,5,0,0,0,0,1
discuss,0.2857,7,0,0,0,0,0
ferrocarril,0.3636,11,0,0,0,0,1
dolent,0.3333,6,0,0,0,0,1
energy,0.3333,6,0,0,0,0,0
small,0.2,5,0,0,0,1,0
am,0.5,2,0,0,0,0,0
centre,0.3333,6,0,0,0,0,1
close,0.4,5,0,0,0,0,0
columna,0.4286,7,0,0,0,0,1
en,0.5,2,0,0,0,0,1
them,0.25,4,0,0,0,1,0
with,0.25,4,0,0,0,1,0
exact,0.4,5,0,0,0,0,0
good,0.5,4,0,0,1,0,0
nine,0.5,4,0,0,0,0,0
indicar,0.4286,7,0,0,0,0,1
òrgan,0.2,5,1,0,0,0,1
done,0.5,4,0,0,0,0,1
many,0.25,4,0,0,0,0,0
cotxe,0.4,5,0,0,0,0,1
short,0.2,5,0,0,0,1,0
augmentant,0.4,10,0,0,0,0,1
race,0.5,4,0,0,0,0,0
cover,0.4,5,0,0,0,0,0
ampli,0.4,5,0,0,0,0,1
win,0.3333,3,0,0,0,0,0
espai,0.6,5,0,0,0,0,1
tub,0.3333,3,0,0,0,0,1
considerar,0.4,10,0,0,0,0,1
oportunitat,0.4545,11,0,0,0,0,1
pertant,0.2857,7,0,0,0,0,1
podria,0.5,6,0,0,0,0,1
sat,0.3333,3,0,0,0,0,0
primerenca,0.4,10,0,0,0,0,1
hold,0.25,4,0,0,0,0,0
estiu,0.6,5,0,0,0,0,1
shout,0.4,5,0,0,0,1,0
man,0.3333,3,0,0,0,0,0
construir,0.3333,9,0,0,0,0,1
paint,0.4,5,0,0,0,0,0
encara,0.5,6,0,0,0,0,1
light,0.2,5,0,0,0,1,0
viatges,0.4286,7,0,0,0,0,1
there,0.4,5,0,0,0,1,0
settle,0.3333,6,0,0,0,1,0
cremar,0.3333,6,0,0,0,0,1
continuar,0.4444,9,0,0,0,0,1
major,0.4,5,0,0,0,0,0
earth,0.4,5,0,0,0,1,0
comerç,0.3333,6,0,1,0,0,1
sand,0.25,4,0,0,0,0,0
plural,0.3333,6,0,0,0,0,1
gray,0.25,4,0,0,0,0,0
mouth,0.4,5,0,0,0,1,0
last,0.25,4,0,0,0,0,0
fort,0.25,4,0,0,0,0,1
dit,0.3333,3,0,0,0,0,1
paragraph,0.3333,9,0,0,0,1,0
cas,0.3333,3,0,0,0,0,1
ensenyar,0.375,8,0,0,0,0,1
hat,0.3333,3,0,0,0,0,0
cross,0.2,5,0,0,0,0,0
tot,0.3333,3,0,0,0,0,1
mitjà,0.2,5,1,0,0,0,1
calenta,0.4286,7,0,0,0,0,1
cent,0.25,4,0,0,0,0,0
partit,0.3333,6,0,0,0,0,1
foto,0.5,4,0,0,0,0,1
particular,0.4,10,0,0,0,0,0
seed,0.5,4,0,0,1,0,0
paràgraf,0.25,8,1,0,0,0,1
bloc,0.25,4,0,0,0,0,1
sobtada,0.4286,7,0,0,0,0,1
gave,0.5,4,0,0,0,0,0
mar,0.3333,3,0,0,0,0,1
result,0.3333,6,0,0,0,0,0
steam,0.4,5,0,0,0,0,0
longitud,0.375,8,0,0,0,0,1
pick,0.25,4,0,0,0,1,0
pes,0.3333,3,0,0,0,0,1
vendre,0.3333,6,0,0,0,0,1
wonder,0.3333,6,0,0,0,0,0
tell,0.25,4,0,0,0,0,0
tranquil,0.375,8,0,0,0,0,1
herba,0.4,5,0,0,0,0,1
bear,0.5,4,0,0,0,0,0
their,0.4,5,0,0,0,1,0
esclau,0.5,6,0,0,0,0,1
scale,0.4,5,0,0,0,0,0
sea,0.6667,3,0,0,0,0,0
durant,0.3333,6,0,0,0,0,1
ara,0.6667,3,0,0,0,0,1
fell,0.25,4,0,0,0,0,0
planet,0.3333,6,0,0,0,0,0
spend,0.2,5,0,0,0,0,0
act,0.3333,3,0,0,0,0,0
trobar,0.3333,6,0,0,0,0,1
indicate,0.5,8,0,0,0,0,0
vapor,0.4,5,0,0,0,0,1
rosa,0.5,4,0,0,0,0,1
zona,0.5,4,0,0,0,0,1
eina,0.75,4,0,0,0,0,1
at,0.5,2,0,0,0,0,0
simple,0.3333,6,0,0,0,0,1
match,0.2,5,0,0,0,1,0
provide,0.4286,7,0,0,0,0,0
cadira,0.5,6,0,0,0,0,1
post,0.25,4,0,0,0,0,0
gas,0.3333,3,0,0,0,0,1
ferro,0.4,5,0,0,0,0,1
prendre,0.2857,7,0,0,0,0,1
range,0.4,5,0,0,0,0,0
station,0.4286,7,0,0,0,0,0
dir,0.3333,3,0,0,0,0,1
student,0.2857,7,0,0,0,0,0
ago,0.6667,3,0,0,0,0,0
cos,0.3333,3,0,0,0,0,1
us,0.5,2,0,0,0,0,0
roca,0.5,4,0,0,0,0,1
lone,0.5,4,0,0,0,0,0
ella,0.5,4,0,0,0,0,1
menys,0.2,5,0,0,0,0,1
see,0.6667,3,0,0,1,0,0
draw,0.25,4,0,0,0,0,0
decimal,0.4286,7,0,0,0,0,1
beguda,0.5,6,0,0,0,0,1
través,0.1667,6,1,0,0,0,1
grup,0.25,4,0,0,0,0,1
count,0.4,5,0,0,0,0,0
can,0.3333,3,0,0,0,0,0
ciutat,0.5,6,0,0,0,0,1
spread,0.3333,6,0,0,0,1,0
shop,0.25,4,0,0,0,1,0
vidre,0.4,5,0,0,0,0,1
tren,0.25,4,0,0,0,0,1
venir,0.4,5,0,0,0,0,1
especialment,0.4167,12,0,0,0,0,1
caure,0.6,5,0,0,0,0,1
course,0.5,6,0,0,0,0,0
cow,0.3333,3,0,0,0,0,0
començar,0.375,8,0,1,0,0,1
altre,0.4,5,0,0,0,0,1
hot,0.3333,3,0,0,0,0,0
tingut,0.3333,6,0,0,0,0,1
cel,0.3333,3,0,0,0,0,1
forma,0.4,5,0,0,0,0,1
rule,0.5,4,0,0,0,0,0
village,0.4286,7,0,0,0,0,0
continue,0.5,8,0,0,0,0,0
disseny,0.2857,7,0,0,0,0,1
numeral,0.4286,7,0,0,0,0,0
bad,0.3333,3,0,0,0,0,0
four,0.5,4,0,0,0,0,0
peu,0.6667,3,0,0,0,0,1
màster,0.1667,6,1,0,0,0,1
egg,0.3333,3,0,0,0,1,0
class,0.2,5,0,0,0,0,0
farà,0.25,4,1,0,0,0,1
apple,0.4,5,0,0,0,1,0
too,0.6667,3,0,0,1,0,0
is,0.5,2,0,0,0,0,0
nit,0.3333,3,0,0,0,0,1
treball,0.2857,7,0,0,0,0,1
reals,0.4,5,0,0,0,0,1
leg,0.3333,3,0,0,0,0,0
circle,0.3333,6,0,0,0,0,0
spring,0.1667,6,0,0,0,1,0
després,0.1429,7,1,0,0,1,1
least,0.4,5,0,0,0,0,0
collect,0.2857,7,0,0,0,0,0
art,0.3333,3,0,0,0,0,1
long,0.25,4,0,0,0,0,0
dead,0.5,4,0,0,0,0,0
particular,0.4,10,0,0,0,0,1
heart,0.4,5,0,0,0,0,0
foot,0.5,4,0,0,1,0,0
pla,0.3333,3,0,0,0,0,1
land,0.25,4,0,0,0,0,0
they,0.25,4,0,0,0,1,0
wall,0.25,4,0,0,0,0,0
problem,0.2857,7,0,0,0,0,0
car,0.3333,3,0,0,0,0,0
war,0.3333,3,0,0,0,0,0
build,0.4,5,0,0,0,0,0
dona,0.5,4,0,0,0,0,1
onada,0.6,5,0,0,0,0,1
taula,0.6,5,0,0,0,0,1
pot,0.3333,3,0,0,0,0,1
enviar,0.5,6,0,0,0,0,1
plantejar,0.3333,9,0,0,0,0,1
subtract,0.25,8,0,0,0,0,0
should,0.3333,6,0,0,0,1,0
solution,0.5,8,0,0,0,0,0
pose,0.5,4,0,0,0,0,0
sell,0.25,4,0,0,0,0,0
head,0.5,4,0,0,0,0,0
desitjos,0.375,8,0,0,0,0,1
right,0.2,5,0,0,0,1,0
require,0.5714,7,0,0,0,0,0
estrany,0.2857,7,0,0,0,0,1
bord,0.25,4,0,0,0,0,1
note,0.5,4,0,0,0,0,0
inferior,0.5,8,0,0,0,0,1
llit,0.25,4,0,0,0,0,1
together,0.375,8,0,0,0,1,0
esperar,0.4286,7,0,0,0,0,1
gran,0.25,4,0,0,0,0,1
be,0.5,2,0,0,0,0,0
rail,0.5,4,0,0,0,0,0
feed,0.5,4,0,0,1,0,0
llegir,0.3333,6,0,0,0,0,1
pati,0.5,4,0,0,0,0,1
cuiner,0.5,6,0,0,0,0,1
safe,0.5,4,0,0,0,0,0
try,0.0,3,0,0,0,0,0
triar,0.4,5,0,0,0,0,1
excitar,0.4286,7,0,0,0,0,1
escoltar,0.375,8,0,0,0,0,1
record,0.3333,6,0,0,0,0,0
garden,0.3333,6,0,0,0,0,0
exemple,0.4286,7,0,0,0,0,1
pot,0.3333,3,0,0,0,0,1
fair,0.5,4,0,0,0,0,0
laugh,0.4,5,0,0,0,0,0
vocal,0.4,5,0,0,0,0,1
sing,0.25,4,0,0,0,0,0
better,0.3333,6,0,0,0,1,0
lead,0.5,4,0,0,0,0,0
temperature,0.4545,11,0,0,0,0,0
modern,0.3333,6,0,0,0,0,0
espatlla,0.375,8,0,0,0,0,1
saber,0.4,5,0,0,0,0,1
comparar,0.375,8,0,0,0,0,1
bone,0.5,4,0,0,0,0,0
notice,0.5,6,0,0,0,0,0
caught,0.3333,6,0,0,0,0,0
world,0.2,5,0,0,0,0,0
cell,0.25,4,0,0,0,0,0
happy,0.2,5,0,0,0,1,0
mapa,0.5,4,0,0,0,0,1
línia,0.4,5,1,0,0,0,1
game,0.5,4,0,0,0,0,0
país,0.25,4,1,0,0,0,1
wide,0.5,4,0,0,0,0,0
offer,0.4,5,0,0,0,1,0
més,0.0,3,1,0,0,0,1
room,0.5,4,0,0,1,0,0
road,0.5,4,0,0,0,0,0
volar,0.4,5,0,0,0,0,1
incloure,0.5,8,0,0,0,0,1
còlera,0.3333,6,1,0,0,0,1
pell,0.25,4,0,0,0,0,1
brother,0.2857,7,0,0,0,1,0
page,0.5,4,0,0,0,0,0
send,0.25,4,0,0,0,0,0
drink,0.2,5,0,0,0,0,0
resoldre,0.375,8,0,0,0,0,1
write,0.4,5,0,0,0,1,0
lloc,0.25,4,0,0,0,0,1
moviment,0.375,8,0,0,0,0,1
esquena,0.5714,7,0,0,0,1,1
vint,0.25,4,0,0,0,0,1
nom,0.3333,3,0,0,0,0,1
picture,0.4286,7,0,0,0,0,0
mile,0.5,4,0,0,0,0,0
creure,0.5,6,0,0,0,0,1
dry,0.0,3,0,0,0,0,0
succeir,0.4286,7,0,0,0,0,1
afavorir,0.5,8,0,0,0,0,1
avís,0.25,4,1,0,0,0,1
drop,0.25,4,0,0,0,0,0
espere,0.5,6,0,0,0,0,1
bé,0.0,2,1,0,0,0,1
nosaltres,0.3333,9,0,0,0,0,1
temperatura,0.4545,11,0,0,0,0,1
element,0.4286,7,0,0,0,0,1
dents,0.2,5,0,0,0,0,1
own,0.3333,3,0,0,0,0,0
cool,0.5,4,0,0,1,0,0
sentir,0.3333,6,0,0,0,0,1
under,0.4,5,0,0,0,0,0
was,0.3333,3,0,0,0,0,0
habitació,0.4444,9,1,0,0,0,1
put,0.3333,3,0,0,0,0,0
ever,0.5,4,0,0,0,0,0
bottom,0.3333,6,0,0,0,1,0
first,0.2,5,0,0,0,0,0
dog,0.3333,3,0,0,0,0,0
on,0.5,2,0,0,0,0,0
interès,0.2857,7,1,0,0,0,1
doctor,0.3333,6,0,0,0,0,0
problemes,0.3333,9,0,0,0,0,1
copy,0.25,4,0,0,0,0,0
per,0.3333,3,0,0,0,0,1
veí,0.3333,3,1,0,0,0,1
grand,0.2,5,0,0,0,0,1
able,0.5,4,0,0,0,0,0
system,0.1667,6,0,0,0,0,0
early,0.4,5,0,0,0,0,0
dòlar,0.2,5,1,0,0,0,1
bàsica,0.3333,6,1,0,0,0,1
sempre,0.3333,6,0,0,0,0,1
història,0.375,8,1,0,0,0,1
nou,0.6667,3,0,0,0,0,1
des,0.3333,3,0,0,0,0,1
homes,0.4,5,0,0,0,0,1
aconseguit,0.5,10,0,0,0,0,1
oh,0.5,2,0,0,0,0,1
darrere,0.4286,7,0,0,0,0,1
operar,0.5,6,0,0,0,0,1
finger,0.3333,6,0,0,0,0,0
science,0.4286,7,0,0,0,0,0
discutir,0.375,8,0,0,0,0,1
each,0.5,4,0,0,0,1,0
favor,0.4,5,0,0,0,0,0
mare,0.5,4,0,0,0,0,1
sat,0.3333,3,0,0,0,0,1
fluir,0.4,5,0,0,0,0,1
temporada,0.4444,9,0,0,0,0,1
mantenir,0.375,8,0,0,0,0,1
bola,0.5,4,0,0,0,0,1
nose,0.5,4,0,0,0,0,0
classe,0.3333,6,0,0,0,0,1
sang,0.25,4,0,0,0,0,1
muntanya,0.375,8,0,0,0,0,1
mal,0.3333,3,0,0,0,0,1
temps,0.2,5,0,0,0,0,1
carrer,0.3333,6,0,0,0,0,1
caminar,0.4286,7,0,0,0,0,1
next,0.25,4,0,0,0,0,0
nació,0.4,5,1,0,0,0,1
propietat,0.4444,9,0,0,0,0,1
prima,0.4,5,0,0,0,0,1
lady,0.25,4,0,0,0,0,0
term,0.25,4,0,0,0,0,0
here,0.5,4,0,0,0,0,0
sentence,0.375,8,0,0,0,0,0
victòria,0.375,8,1,0,0,0,1
silent,0.3333,6,0,0,0,0,0
roll,0.25,4,0,0,0,0,0
lot,0.3333,3,0,0,0,0,0
clau,0.5,4,0,0,0,0,1
carn,0.25,4,0,0,0,0,1
dur,0.3333,3,0,0,0,0,1
quiet,0.6,5,0,0,0,0,0
corda,0.4,5,0,0,0,0,1
cantar,0.3333,6,0,0,0,0,1
space,0.4,5,0,0,0,0,0
sòl,0.0,3,1,0,0,0,1
barret,0.3333,6,0,0,0,0,1
no,0.5,2,0,0,0,0,0
seleccioneu,0.5455,11,0,0,0,0,1
ara,0.6667,3,0,0,0,0,1
registre,0.375,8,0,0,0,0,1
milions,0.4286,7,0,0,0,0,1
free,0.5,4,0,0,1,0,0
began,0.4,5,0,0,0,0,0
mountain,0.5,8,0,0,0,0,0
plana,0.4,5,0,0,0,0,1
diversió,0.375,8,1,0,0,0,1
reclamació,0.4,10,1,0,0,0,1
less,0.25,4,0,0,0,0,0
colònia,0.4286,7,1,0,0,0,1
force,0.4,5,0,0,0,0,0
air,0.6667,3,0,0,0,0,0
wave,0.5,4,0,0,0,0,0
an,0.5,2,0,0,0,0,0
ràdio,0.4,5,1,0,0,0,1
humà,0.25,4,1,0,0,0,1
final,0.4,5,0,0,0,0,0
about,0.6,5,0,0,0,0,0
help,0.25,4,0,0,0,0,0
from,0.25,4,0,0,0,0,0
anell,0.4,5,0,0,0,0,1
doble,0.4,5,0,0,0,0,1
me,0.5,2,0,0,0,0,0
branca,0.3333,6,0,0,0,0,1
show,0.25,4,0,0,0,1,0
on,0.5,2,0,0,0,0,1
donar,0.4,5,0,0,0,0,1
yellow,0.3333,6,0,0,0,0,0
as,0.5,2,0,0,0,0,0
mantenir,0.375,8,0,0,0,0,1
have,0.5,4,0,0,0,0,0
cent,0.25,4,0,0,0,0,1
art,0.3333,3,0,0,0,0,0
save,0.5,4,0,0,0,0,0
soft,0.25,4,0,0,0,0,0
skin,0.25,4,0,0,0,1,0
follow,0.3333,6,0,0,0,0,0
rub,0.3333,3,0,0,0,0,1
símbol,0.1667,6,1,0,0,0,1
toward,0.3333,6,0,0,0,0,0
gamma,0.4,5,0,0,0,0,1
substance,0.3333,9,0,0,0,0,0
lloc,0.25,4,0,0,0,0,1
the,0.3333,3,0,0,0,1,0
desgast,0.2857,7,0,0,0,0,1
descriure,0.4444,9,0,0,0,1,1
curta,0.4,5,0,0,0,0,1
steel,0.4,5,0,0,1,0,0
log,0.3333,3,0,0,0,0,0
bring,0.2,5,0,0,0,0,0
gold,0.25,4,0,0,0,0,0
surface,0.4286,7,0,0,0,0,0
fusta,0.4,5,0,0,0,0,1
great,0.4,5,0,0,0,0,0
except,0.3333,6,0,0,0,0,0
done,0.5,4,0,0,0,0,0
imagine,0.5714,7,0,0,0,0,0
iron,0.5,4,0,0,0,0,0
síl·laba,0.25,8,1,0,0,0,1
or,0.5,2,0,0,0,0,1
sentit,0.3333,6,0,0,0,0,1
sail,0.5,4,0,0,0,0,0
adequada,0.625,8,0,0,0,0,1
direct,0.3333,6,0,0,0,0,0
may,0.3333,3,0,0,0,0,0
content,0.2857,7,0,0,0,0,1
guardat,0.4286,7,0,0,0,0,1
gas,0.3333,3,0,0,0,0,0
o,1.0,1,0,0,0,0,1
cap,0.3333,3,0,0,0,0,1
feliç,0.4,5,0,1,0,0,1
portat,0.3333,6,0,0,0,0,1
stead,0.4,5,0,0,0,0,0
bell,0.25,4,0,0,0,0,0
grau,0.5,4,0,0,0,0,1
share,0.4,5,0,0,0,1,0
lliscament,0.3,10,0,0,0,0,1
wife,0.5,4,0,0,0,0,0
pèl,0.0,3,1,0,0,0,1
clock,0.2,5,0,0,0,1,0
a,1.0,1,0,0,0,0,0
consider,0.375,8,0,0,0,0,0
fred,0.25,4,0,0,0,0,1
my,0.0,2,0,0,0,0,0
spell,0.2,5,0,0,0,0,0
alleujar,0.5,8,0,0,0,0,1
aquí,0.5,4,1,0,0,0,1
dit,0.3333,3,0,0,0,0,1
història,0.375,8,1,0,0,0,1
coast,0.4,5,0,0,0,0,0
petit,0.4,5,0,0,0,0,1
hair,0.5,4,0,0,0,0,0
who,0.3333,3,0,0,0,1,0
nen,0.3333,3,0,0,0,0,1
tube,0.5,4,0,0,0,0,0
suau,0.75,4,0,0,0,0,1
pal,0.3333,3,0,0,0,0,1
most,0.25,4,0,0,0,0,0
pobres,0.3333,6,0,0,0,0,1
persobre,0.375,8,0,0,0,0,1
team,0.5,4,0,0,0,0,0
against,0.4286,7,0,0,0,0,0
straight,0.25,8,0,0,0,1,0
dit,0.3333,3,0,0,0,0,1
what,0.25,4,0,0,0,1,0
field,0.4,5,0,0,0,0,0
propagació,0.4,10,1,0,0,0,1
came,0.5,4,0,0,0,0,0
següent,0.2857,7,0,0,0,0,1
desert,0.3333,6,0,0,0,0,1
el,0.5,2,0,0,0,0,1
teeth,0.4,5,0,0,1,1,0
complet,0.2857,7,0,0,0,0,1
encaixar,0.5,8,0,0,0,0,1
beat,0.5,4,0,0,0,0,0
organ,0.4,5,0,0,0,0,0
estudi,0.5,6,0,0,0,0,1
above,0.6,5,0,0,0,0,0
lost,0.25,4,0,0,0,0,0
recordar,0.375,8,0,0,0,0,1
both,0.25,4,0,0,0,1,0
vermell,0.2857,7,0,0,0,0,1
than,0.25,4,0,0,0,1,0
told,0.25,4,0,0,0,0,0
famous,0.5,6,0,0,0,0,0
hard,0.25,4,0,0,0,0,0
llista,0.3333,6,0,0,0,0,1
caça,0.5,4,0,1,0,0,1
side,0.5,4,0,0,0,0,0
cançó,0.2,5,1,1,0,0,1
money,0.4,5,0,0,0,0,0
barrejar,0.375,8,0,0,0,0,1
vestir,0.3333,6,0,0,0,0,1
habilitat,0.4444,9,0,0,0,0,1
motor,0.4,5,0,0,0,0,1
general,0.4286,7,0,0,0,0,0
black,0.2,5,0,0,0,1,0
que,0.6667,3,0,0,0,0,1
d’,0.0,2,0,0,0,0,1
aquests,0.4286,7,0,0,0,0,1
subject,0.2857,7,0,0,0,0,0
shape,0.4,5,0,0,0,1,0
until,0.4,5,0,0,0,0,0
century,0.2857,7,0,0,0,0,0
enemy,0.4,5,0,0,0,0,0
subjecte,0.375,8,0,0,0,0,1
self,0.25,4,0,0,0,0,0
pràctica,0.25,8,1,0,0,0,1
again,0.6,5,0,0,0,0,0
pla,0.3333,3,0,0,0,0,1
fi,0.5,2,0,0,0,0,1
veure,0.6,5,0,0,0,0,1
bright,0.1667,6,0,0,0,1,0
aviat,0.6,5,0,0,0,0,1
lake,0.5,4,0,0,0,0,0
find,0.25,4,0,0,0,0,0
ràpid,0.2,5,1,0,0,0,1
res,0.3333,3,0,0,0,0,1
persona,0.4286,7,0,0,0,0,1
quart,0.4,5,0,0,0,0,0
half,0.25,4,0,0,0,0,0
inch,0.25,4,0,0,0,1,0
vowel,0.4,5,0,0,0,0,0
quedar,0.5,6,0,0,0,0,1
morts,0.2,5,0,0,0,0,1
passar,0.3333,6,0,0,0,0,1
men,0.3333,3,0,0,0,0,0
woman,0.4,5,0,0,0,0,0
throw,0.2,5,0,0,0,1,0
protect,0.2857,7,0,0,0,0,0
effect,0.3333,6,0,0,0,1,0
producte,0.375,8,0,0,0,0,1
llest,0.2,5,0,0,0,0,1
camí,0.25,4,1,0,0,0,1
take,0.5,4,0,0,0,0,0
unit,0.5,4,0,0,0,0,0
foc,0.3333,3,0,0,0,0,1
ha,0.5,2,0,0,0,0,1
train,0.4,5,0,0,0,0,0
dibuixar,0.5,8,0,0,0,0,1
door,0.5,4,0,0,1,0,0
arribar,0.4286,7,0,0,0,0,1
cost,0.25,4,0,0,0,0,1
book,0.5,4,0,0,1,0,0
correcta,0.375,8,0,0,0,0,1
els,0.3333,3,0,0,0,0,1
plural,0.3333,6,0,0,0,0,0
block,0.2,5,0,0,0,1,0
com,0.3333,3,0,0,0,0,1
fact,0.25,4,0,0,0,0,0
gun,0.3333,3,0,0,0,0,0
and,0.3333,3,0,0,0,0,0
camí,0.25,4,1,0,0,0,1
repeteixi,0.5556,9,0,0,0,0,1
turó,0.25,4,1,0,0,0,1
voice,0.6,5,0,0,0,0,0
massa,0.4,5,0,0,0,0,1
clear,0.4,5,0,0,0,0,0
cost,0.25,4,0,0,0,0,0
LED,0.0,3,0,0,0,0,1
resposta,0.375,8,0,0,0,0,1
old,0.3333,3,0,0,0,0,0
milla,0.4,5,0,0,0,0,1
profunda,0.375,8,0,0,0,0,1
weight,0.3333,6,0,0,0,1,0
wrong,0.2,5,0,0,0,1,0
